都道府県名	資料種別	元のTSVファイル名	input_file	graph	output_file	json_file	保存されていたフォルダ名
北海道	議会会議録	relation.tsv	仁木町議会　令和5年12月　第4回定例会.txt	https://kozaki-lab.jp/REFV-KG/docs/00003	Graph_00003.trig	.\output\json\Graph_00003.trig.json	北海道\仁木町議会会議録
北海道	議会会議録	relation.tsv	仁木町議会　令和5年3月　第1回定例会（3日目）.txt	https://kozaki-lab.jp/REFV-KG/docs/00004	Graph_00004.trig	.\output\json\Graph_00004.trig.json	北海道\仁木町議会会議録
北海道	議会会議録	relation.tsv	仁木町議会　令和5年9月　第3回定例会.txt	https://kozaki-lab.jp/REFV-KG/docs/00005	Graph_00005.trig	.\output\json\Graph_00005.trig.json	北海道\仁木町議会会議録
北海道	議会会議録	relation.tsv	令和2年12月　第4回定例会.txt	https://kozaki-lab.jp/REFV-KG/docs/00007	Graph_00007.trig	.\output\json\Graph_00007.trig.json	北海道\松前町議会会議録
北海道	議会会議録	relation.tsv	令和2年6月　第2回定例会.txt	https://kozaki-lab.jp/REFV-KG/docs/00008	Graph_00008.trig	.\output\json\Graph_00008.trig.json	北海道\松前町議会会議録
北海道	議会会議録	relation.tsv	令和2年9月　第3回定例会.txt	https://kozaki-lab.jp/REFV-KG/docs/00009	Graph_00009.trig	.\output\json\Graph_00009.trig.json	北海道\松前町議会会議録
北海道	議会会議録	relation.tsv	令和3年3月　第1回定例会.txt	https://kozaki-lab.jp/REFV-KG/docs/00010	Graph_00010.trig	.\output\json\Graph_00010.trig.json	北海道\松前町議会会議録
北海道	議会会議録	relation.tsv	令和3年6月　第2回定例会.txt	https://kozaki-lab.jp/REFV-KG/docs/00011	Graph_00011.trig	.\output\json\Graph_00011.trig.json	北海道\松前町議会会議録
北海道	議会会議録	relation.tsv	令和4年3月　第1回定例会.txt	https://kozaki-lab.jp/REFV-KG/docs/00012	Graph_00012.trig	.\output\json\Graph_00012.trig.json	北海道\松前町議会会議録
北海道	議会会議録	relation.tsv	令和4年6月　第2回定例会.txt	https://kozaki-lab.jp/REFV-KG/docs/00013	Graph_00013.trig	.\output\json\Graph_00013.trig.json	北海道\松前町議会会議録
北海道	議会会議録	relation.tsv	令和4年9月　第3回定例会.txt	https://kozaki-lab.jp/REFV-KG/docs/00014	Graph_00014.trig	.\output\json\Graph_00014.trig.json	北海道\松前町議会会議録
北海道	議会会議録	relation.tsv	令和5年3月　第1回定例会.txt	https://kozaki-lab.jp/REFV-KG/docs/00015	Graph_00015.trig	.\output\json\Graph_00015.trig.json	北海道\松前町議会会議録
北海道	議会会議録	relation.tsv	令和5年6月　第2回定例会.txt	https://kozaki-lab.jp/REFV-KG/docs/00016	Graph_00016.trig	.\output\json\Graph_00016.trig.json	北海道\松前町議会会議録
北海道	議会会議録	relation.tsv	令和5年9月　第3回定例会.txt	https://kozaki-lab.jp/REFV-KG/docs/00017	Graph_00017.trig	.\output\json\Graph_00017.trig.json	北海道\松前町議会会議録
北海道	議会会議録	relation.tsv	令和6年3月　第1回定例会.txt	https://kozaki-lab.jp/REFV-KG/docs/00018	Graph_00018.trig	.\output\json\Graph_00018.trig.json	北海道\松前町議会会議録
北海道	議会会議録	relation.tsv	令和6年6月　第2回定例会.txt	https://kozaki-lab.jp/REFV-KG/docs/00019	Graph_00019.trig	.\output\json\Graph_00019.trig.json	北海道\松前町議会会議録
北海道	議会会議録	relation.tsv	令和6年9月　第3回定例会.txt	https://kozaki-lab.jp/REFV-KG/docs/00020	Graph_00020.trig	.\output\json\Graph_00020.trig.json	北海道\松前町議会会議録
山形	議会会議録	relation.tsv	令和6年9月定例会議事日程第3号.txt	https://kozaki-lab.jp/REFV-KG/docs/00021	Graph_00021.trig	.\output\json\Graph_00021.trig.json	山形\米沢市議会会議録
山形	議会会議録	relation.tsv	令和6年9月定例会議事日程第4号.txt	https://kozaki-lab.jp/REFV-KG/docs/00022	Graph_00022.trig	.\output\json\Graph_00022.trig.json	山形\米沢市議会会議録
山形	議会会議録	relation.tsv	令和6年9月定例会議事日程第6号.txt	https://kozaki-lab.jp/REFV-KG/docs/00023	Graph_00023.trig	.\output\json\Graph_00023.trig.json	山形\米沢市議会会議録
山形	議会会議録	relation.tsv	令和　１年　１２月　定例会（第７回）  12月18日－03号.txt	https://kozaki-lab.jp/REFV-KG/docs/00024	Graph_00024.trig	.\output\json\Graph_00024.trig.json	山形\酒田市議会会議録
山形	議会会議録	relation.tsv	令和　２年　　３月　定例会（第１回）  03月17日－06号.txt	https://kozaki-lab.jp/REFV-KG/docs/00025	Graph_00025.trig	.\output\json\Graph_00025.trig.json	山形\酒田市議会会議録
山形	議会会議録	relation.tsv	令和　３年　　３月　定例会（第２回）  03月19日－07号.txt	https://kozaki-lab.jp/REFV-KG/docs/00026	Graph_00026.trig	.\output\json\Graph_00026.trig.json	山形\酒田市議会会議録
山形	議会会議録	relation.tsv	令和　４年　　３月　定例会（第１回）  02月28日－02号.txt	https://kozaki-lab.jp/REFV-KG/docs/00027	Graph_00027.trig	.\output\json\Graph_00027.trig.json	山形\酒田市議会会議録
山形	議会会議録	relation.tsv	令和　６年　　３月　定例会（第２回）  02月27日－02号.txt	https://kozaki-lab.jp/REFV-KG/docs/00028	Graph_00028.trig	.\output\json\Graph_00028.trig.json	山形\酒田市議会会議録
北海道	議会会議録	relation.tsv	令和元年12月　第4回定例会.txt	https://kozaki-lab.jp/REFV-KG/docs/00029	Graph_00029.trig	.\output\json\Graph_00029.trig.json	北海道\松前町議会会議録
山形	議会会議録	relation.tsv	令和１年１２月定例会（第７回）12月18日－03号.txt	https://kozaki-lab.jp/REFV-KG/docs/00030	Graph_00030.trig	.\output\json\Graph_00030.trig.json	山形\酒田市議会会議録
山形	議会会議録	relation.tsv	令和１年１２月定例会（第７回）12月20日－05号.txt	https://kozaki-lab.jp/REFV-KG/docs/00031	Graph_00031.trig	.\output\json\Graph_00031.trig.json	山形\酒田市議会会議録
山形	議会会議録	relation.tsv	令和１年９月定例会（第５回）09月30日－01号.txt	https://kozaki-lab.jp/REFV-KG/docs/00032	Graph_00032.trig	.\output\json\Graph_00032.trig.json	山形\酒田市議会会議録
山形	議会会議録	relation.tsv	令和２年３月定例会（第１回）02月28日－02号.txt	https://kozaki-lab.jp/REFV-KG/docs/00033	Graph_00033.trig	.\output\json\Graph_00033.trig.json	山形\酒田市議会会議録
山形	議会会議録	relation.tsv	令和２年３月定例会（第１回）03月13日－05号.txt	https://kozaki-lab.jp/REFV-KG/docs/00034	Graph_00034.trig	.\output\json\Graph_00034.trig.json	山形\酒田市議会会議録
山形	議会会議録	relation.tsv	令和２年６月定例会（第３回）06月05日－01号.txt	https://kozaki-lab.jp/REFV-KG/docs/00035	Graph_00035.trig	.\output\json\Graph_00035.trig.json	山形\酒田市議会会議録
山形	議会会議録	relation.tsv	令和２年９月定例会（第５回）09月17日－05号.txt	https://kozaki-lab.jp/REFV-KG/docs/00036	Graph_00036.trig	.\output\json\Graph_00036.trig.json	山形\酒田市議会会議録
山形	議会会議録	relation.tsv	令和３年１２月定例会（第８回）12月21日－04号.txt	https://kozaki-lab.jp/REFV-KG/docs/00037	Graph_00037.trig	.\output\json\Graph_00037.trig.json	山形\酒田市議会会議録
山形	議会会議録	relation.tsv	令和３年３月定例会（第２回）02月26日－02号.txt	https://kozaki-lab.jp/REFV-KG/docs/00038	Graph_00038.trig	.\output\json\Graph_00038.trig.json	山形\酒田市議会会議録
山形	議会会議録	relation.tsv	令和３年３月定例会（第２回）03月02日－03号.txt	https://kozaki-lab.jp/REFV-KG/docs/00039	Graph_00039.trig	.\output\json\Graph_00039.trig.json	山形\酒田市議会会議録
山形	議会会議録	relation.tsv	令和３年３月定例会（第２回）03月11日－04号.txt	https://kozaki-lab.jp/REFV-KG/docs/00040	Graph_00040.trig	.\output\json\Graph_00040.trig.json	山形\酒田市議会会議録
山形	議会会議録	relation.tsv	令和３年３月定例会（第２回）03月15日－05号.txt	https://kozaki-lab.jp/REFV-KG/docs/00041	Graph_00041.trig	.\output\json\Graph_00041.trig.json	山形\酒田市議会会議録
山形	議会会議録	relation.tsv	令和３年３月定例会（第２回）03月17日－06号.txt	https://kozaki-lab.jp/REFV-KG/docs/00042	Graph_00042.trig	.\output\json\Graph_00042.trig.json	山形\酒田市議会会議録
山形	議会会議録	relation.tsv	令和３年３月定例会（第２回）03月19日－07号.txt	https://kozaki-lab.jp/REFV-KG/docs/00043	Graph_00043.trig	.\output\json\Graph_00043.trig.json	山形\酒田市議会会議録
山形	議会会議録	relation.tsv	令和３年６月定例会（第４回）06月22日－04号.txt	https://kozaki-lab.jp/REFV-KG/docs/00044	Graph_00044.trig	.\output\json\Graph_00044.trig.json	山形\酒田市議会会議録
山形	議会会議録	relation.tsv	令和３年６月定例会（第４回）06月23日－05号.txt	https://kozaki-lab.jp/REFV-KG/docs/00045	Graph_00045.trig	.\output\json\Graph_00045.trig.json	山形\酒田市議会会議録
山形	議会会議録	relation.tsv	令和３年６月定例会（第４回）06月24日－06号.txt	https://kozaki-lab.jp/REFV-KG/docs/00046	Graph_00046.trig	.\output\json\Graph_00046.trig.json	山形\酒田市議会会議録
山形	議会会議録	relation.tsv	令和３年９月定例会（第６回）08月27日－01号.txt	https://kozaki-lab.jp/REFV-KG/docs/00047	Graph_00047.trig	.\output\json\Graph_00047.trig.json	山形\酒田市議会会議録
山形	議会会議録	relation.tsv	令和３年９月定例会（第６回）09月15日－04号.txt	https://kozaki-lab.jp/REFV-KG/docs/00048	Graph_00048.trig	.\output\json\Graph_00048.trig.json	山形\酒田市議会会議録
山形	議会会議録	relation.tsv	令和３年９月定例会（第６回）09月16日－05号.txt	https://kozaki-lab.jp/REFV-KG/docs/00049	Graph_00049.trig	.\output\json\Graph_00049.trig.json	山形\酒田市議会会議録
山形	議会会議録	relation.tsv	令和４年３月定例会（第１回）02月28日－02号.txt	https://kozaki-lab.jp/REFV-KG/docs/00050	Graph_00050.trig	.\output\json\Graph_00050.trig.json	山形\酒田市議会会議録
山形	議会会議録	relation.tsv	令和４年３月定例会（第１回）03月02日－03号.txt	https://kozaki-lab.jp/REFV-KG/docs/00051	Graph_00051.trig	.\output\json\Graph_00051.trig.json	山形\酒田市議会会議録
山形	議会会議録	relation.tsv	令和４年３月定例会（第１回）03月15日－07号.txt	https://kozaki-lab.jp/REFV-KG/docs/00052	Graph_00052.trig	.\output\json\Graph_00052.trig.json	山形\酒田市議会会議録
山形	議会会議録	relation.tsv	令和４年３月定例会（第１回）03月17日－08号.txt	https://kozaki-lab.jp/REFV-KG/docs/00053	Graph_00053.trig	.\output\json\Graph_00053.trig.json	山形\酒田市議会会議録
山形	議会会議録	relation.tsv	令和４年９月定例会（第６回）09月12日－01号.txt	https://kozaki-lab.jp/REFV-KG/docs/00054	Graph_00054.trig	.\output\json\Graph_00054.trig.json	山形\酒田市議会会議録
山形	議会会議録	relation.tsv	令和４年９月定例会（第６回）09月28日－03号.txt	https://kozaki-lab.jp/REFV-KG/docs/00055	Graph_00055.trig	.\output\json\Graph_00055.trig.json	山形\酒田市議会会議録
山形	議会会議録	relation.tsv	令和５年１２月定例会（第９回）12月18日－04号.txt	https://kozaki-lab.jp/REFV-KG/docs/00056	Graph_00056.trig	.\output\json\Graph_00056.trig.json	山形\酒田市議会会議録
山形	議会会議録	relation.tsv	令和５年１２月定例会（第９回）12月19日－05号.txt	https://kozaki-lab.jp/REFV-KG/docs/00057	Graph_00057.trig	.\output\json\Graph_00057.trig.json	山形\酒田市議会会議録
山形	議会会議録	relation.tsv	令和５年３月定例会（第２回）02月27日－02号.txt	https://kozaki-lab.jp/REFV-KG/docs/00058	Graph_00058.trig	.\output\json\Graph_00058.trig.json	山形\酒田市議会会議録
山形	議会会議録	relation.tsv	令和５年３月定例会（第２回）03月01日－03号.txt	https://kozaki-lab.jp/REFV-KG/docs/00059	Graph_00059.trig	.\output\json\Graph_00059.trig.json	山形\酒田市議会会議録
山形	議会会議録	relation.tsv	令和５年９月定例会（第７回）09月29日－01号.txt	https://kozaki-lab.jp/REFV-KG/docs/00060	Graph_00060.trig	.\output\json\Graph_00060.trig.json	山形\酒田市議会会議録
山形	議会会議録	relation.tsv	令和５年９月定例会（第７回）10月03日－02号.txt	https://kozaki-lab.jp/REFV-KG/docs/00061	Graph_00061.trig	.\output\json\Graph_00061.trig.json	山形\酒田市議会会議録
山形	議会会議録	relation.tsv	令和５年９月定例会（第７回）10月23日－06号.txt	https://kozaki-lab.jp/REFV-KG/docs/00062	Graph_00062.trig	.\output\json\Graph_00062.trig.json	山形\酒田市議会会議録
山形	議会会議録	relation.tsv	令和６年３月定例会（第２回）02月27日－02号.txt	https://kozaki-lab.jp/REFV-KG/docs/00063	Graph_00063.trig	.\output\json\Graph_00063.trig.json	山形\酒田市議会会議録
山形	議会会議録	relation.tsv	令和６年３月定例会（第２回）02月29日－03号.txt	https://kozaki-lab.jp/REFV-KG/docs/00064	Graph_00064.trig	.\output\json\Graph_00064.trig.json	山形\酒田市議会会議録
北海道	議会会議録	relation.tsv	平成29年6月　第2回定例会.txt	https://kozaki-lab.jp/REFV-KG/docs/00065	Graph_00065.trig	.\output\json\Graph_00065.trig.json	北海道\松前町議会会議録
山形	議会会議録	relation.tsv	平成１８年９月定例会（第４回）09月06日－02号.txt	https://kozaki-lab.jp/REFV-KG/docs/00066	Graph_00066.trig	.\output\json\Graph_00066.trig.json	山形\酒田市議会会議録
山形	議会会議録	relation.tsv	平成１８年９月定例会（第４回）09月21日－06号.txt	https://kozaki-lab.jp/REFV-KG/docs/00067	Graph_00067.trig	.\output\json\Graph_00067.trig.json	山形\酒田市議会会議録
山形	議会会議録	relation.tsv	平成２１年１２月定例会（第８回）12月18日－06号.txt	https://kozaki-lab.jp/REFV-KG/docs/00068	Graph_00068.trig	.\output\json\Graph_00068.trig.json	山形\酒田市議会会議録
山形	議会会議録	relation.tsv	平成２２年６月定例会（第３回）06月24日－06号.txt	https://kozaki-lab.jp/REFV-KG/docs/00069	Graph_00069.trig	.\output\json\Graph_00069.trig.json	山形\酒田市議会会議録
山形	議会会議録	relation.tsv	平成２２年９月定例会（第４回）09月17日－06号.txt	https://kozaki-lab.jp/REFV-KG/docs/00070	Graph_00070.trig	.\output\json\Graph_00070.trig.json	山形\酒田市議会会議録
山形	議会会議録	relation.tsv	平成２３年３月定例会（第２回）03月03日－03号.txt	https://kozaki-lab.jp/REFV-KG/docs/00071	Graph_00071.trig	.\output\json\Graph_00071.trig.json	山形\酒田市議会会議録
山形	議会会議録	relation.tsv	平成２３年６月定例会（第４回）06月13日－02号.txt	https://kozaki-lab.jp/REFV-KG/docs/00072	Graph_00072.trig	.\output\json\Graph_00072.trig.json	山形\酒田市議会会議録
山形	議会会議録	relation.tsv	平成２３年６月定例会（第４回）06月22日－06号.txt	https://kozaki-lab.jp/REFV-KG/docs/00073	Graph_00073.trig	.\output\json\Graph_00073.trig.json	山形\酒田市議会会議録
山形	議会会議録	relation.tsv	平成２４年１２月定例会（第７回）11月30日－01号.txt	https://kozaki-lab.jp/REFV-KG/docs/00074	Graph_00074.trig	.\output\json\Graph_00074.trig.json	山形\酒田市議会会議録
山形	議会会議録	relation.tsv	平成２４年１２月定例会（第７回）12月13日－06号.txt	https://kozaki-lab.jp/REFV-KG/docs/00075	Graph_00075.trig	.\output\json\Graph_00075.trig.json	山形\酒田市議会会議録
山形	議会会議録	relation.tsv	平成２４年３月定例会（第１回）03月01日－03号.txt	https://kozaki-lab.jp/REFV-KG/docs/00076	Graph_00076.trig	.\output\json\Graph_00076.trig.json	山形\酒田市議会会議録
山形	議会会議録	relation.tsv	平成２４年３月定例会（第１回）03月13日－05号.txt	https://kozaki-lab.jp/REFV-KG/docs/00077	Graph_00077.trig	.\output\json\Graph_00077.trig.json	山形\酒田市議会会議録
山形	議会会議録	relation.tsv	平成２４年３月定例会（第１回）03月15日－07号.txt	https://kozaki-lab.jp/REFV-KG/docs/00078	Graph_00078.trig	.\output\json\Graph_00078.trig.json	山形\酒田市議会会議録
山形	議会会議録	relation.tsv	平成２４年９月定例会（第４回）08月28日－01号.txt	https://kozaki-lab.jp/REFV-KG/docs/00079	Graph_00079.trig	.\output\json\Graph_00079.trig.json	山形\酒田市議会会議録
山形	議会会議録	relation.tsv	平成２４年９月定例会（第４回）08月30日－02号.txt	https://kozaki-lab.jp/REFV-KG/docs/00080	Graph_00080.trig	.\output\json\Graph_00080.trig.json	山形\酒田市議会会議録
山形	議会会議録	relation.tsv	平成２５年３月定例会（第１回）02月26日－02号.txt	https://kozaki-lab.jp/REFV-KG/docs/00081	Graph_00081.trig	.\output\json\Graph_00081.trig.json	山形\酒田市議会会議録
山形	議会会議録	relation.tsv	平成２５年３月定例会（第１回）02月28日－03号.txt	https://kozaki-lab.jp/REFV-KG/docs/00082	Graph_00082.trig	.\output\json\Graph_00082.trig.json	山形\酒田市議会会議録
山形	議会会議録	relation.tsv	平成２５年３月定例会（第１回）03月11日－04号.txt	https://kozaki-lab.jp/REFV-KG/docs/00083	Graph_00083.trig	.\output\json\Graph_00083.trig.json	山形\酒田市議会会議録
山形	議会会議録	relation.tsv	平成２５年３月定例会（第１回）03月12日－05号.txt	https://kozaki-lab.jp/REFV-KG/docs/00084	Graph_00084.trig	.\output\json\Graph_00084.trig.json	山形\酒田市議会会議録
山形	議会会議録	relation.tsv	平成２５年３月定例会（第１回）03月14日－07号.txt	https://kozaki-lab.jp/REFV-KG/docs/00085	Graph_00085.trig	.\output\json\Graph_00085.trig.json	山形\酒田市議会会議録
山形	議会会議録	relation.tsv	平成２５年６月定例会（第２回）06月18日－05号.txt	https://kozaki-lab.jp/REFV-KG/docs/00086	Graph_00086.trig	.\output\json\Graph_00086.trig.json	山形\酒田市議会会議録
山形	議会会議録	relation.tsv	平成２５年９月定例会（第５回）09月17日－04号.txt	https://kozaki-lab.jp/REFV-KG/docs/00087	Graph_00087.trig	.\output\json\Graph_00087.trig.json	山形\酒田市議会会議録
山形	議会会議録	relation.tsv	平成２６年３月定例会（第１回）02月26日－02号.txt	https://kozaki-lab.jp/REFV-KG/docs/00088	Graph_00088.trig	.\output\json\Graph_00088.trig.json	山形\酒田市議会会議録
山形	議会会議録	relation.tsv	平成２６年３月定例会（第１回）02月28日－03号.txt	https://kozaki-lab.jp/REFV-KG/docs/00089	Graph_00089.trig	.\output\json\Graph_00089.trig.json	山形\酒田市議会会議録
山形	議会会議録	relation.tsv	平成２６年３月定例会（第１回）03月11日－04号.txt	https://kozaki-lab.jp/REFV-KG/docs/00090	Graph_00090.trig	.\output\json\Graph_00090.trig.json	山形\酒田市議会会議録
山形	議会会議録	relation.tsv	平成２６年６月定例会（第３回）06月19日－06号.txt	https://kozaki-lab.jp/REFV-KG/docs/00091	Graph_00091.trig	.\output\json\Graph_00091.trig.json	山形\酒田市議会会議録
山形	議会会議録	relation.tsv	平成２７年３月定例会（第１回）02月20日－01号.txt	https://kozaki-lab.jp/REFV-KG/docs/00092	Graph_00092.trig	.\output\json\Graph_00092.trig.json	山形\酒田市議会会議録
山形	議会会議録	relation.tsv	平成２７年３月定例会（第１回）02月24日－02号.txt	https://kozaki-lab.jp/REFV-KG/docs/00093	Graph_00093.trig	.\output\json\Graph_00093.trig.json	山形\酒田市議会会議録
山形	議会会議録	relation.tsv	平成２７年９月定例会（第６回）09月30日－01号.txt	https://kozaki-lab.jp/REFV-KG/docs/00094	Graph_00094.trig	.\output\json\Graph_00094.trig.json	山形\酒田市議会会議録
山形	議会会議録	relation.tsv	平成２７年９月定例会（第６回）10月23日－06号.txt	https://kozaki-lab.jp/REFV-KG/docs/00095	Graph_00095.trig	.\output\json\Graph_00095.trig.json	山形\酒田市議会会議録
山形	議会会議録	relation.tsv	平成２８年３月定例会（第１回）02月25日－01号.txt	https://kozaki-lab.jp/REFV-KG/docs/00096	Graph_00096.trig	.\output\json\Graph_00096.trig.json	山形\酒田市議会会議録
山形	議会会議録	relation.tsv	平成２８年３月定例会（第１回）02月29日－02号.txt	https://kozaki-lab.jp/REFV-KG/docs/00097	Graph_00097.trig	.\output\json\Graph_00097.trig.json	山形\酒田市議会会議録
山形	議会会議録	relation.tsv	平成２９年３月定例会（第１回）03月02日－02号.txt	https://kozaki-lab.jp/REFV-KG/docs/00098	Graph_00098.trig	.\output\json\Graph_00098.trig.json	山形\酒田市議会会議録
山形	議会会議録	relation.tsv	平成２９年９月定例会（第３回）09月20日－04号.txt	https://kozaki-lab.jp/REFV-KG/docs/00099	Graph_00099.trig	.\output\json\Graph_00099.trig.json	山形\酒田市議会会議録
山形	議会会議録	relation.tsv	平成３０年　１２月　定例会（第５回）  12月07日－01号.txt	https://kozaki-lab.jp/REFV-KG/docs/00100	Graph_00100.trig	.\output\json\Graph_00100.trig.json	山形\酒田市議会会議録
山形	議会会議録	relation.tsv	平成３０年　１２月　定例会（第５回）  12月17日－03号.txt	https://kozaki-lab.jp/REFV-KG/docs/00101	Graph_00101.trig	.\output\json\Graph_00101.trig.json	山形\酒田市議会会議録
山形	議会会議録	relation.tsv	平成３０年１２月定例会（第５回）12月19日－05号.txt	https://kozaki-lab.jp/REFV-KG/docs/00102	Graph_00102.trig	.\output\json\Graph_00102.trig.json	山形\酒田市議会会議録
山形	議会会議録	relation.tsv	平成３０年３月定例会（第１回）03月01日－02号.txt	https://kozaki-lab.jp/REFV-KG/docs/00103	Graph_00103.trig	.\output\json\Graph_00103.trig.json	山形\酒田市議会会議録
山形	議会会議録	relation.tsv	平成３０年３月定例会（第１回）03月05日－03号.txt	https://kozaki-lab.jp/REFV-KG/docs/00104	Graph_00104.trig	.\output\json\Graph_00104.trig.json	山形\酒田市議会会議録
山形	議会会議録	relation.tsv	平成３０年３月定例会（第１回）03月20日－07号.txt	https://kozaki-lab.jp/REFV-KG/docs/00105	Graph_00105.trig	.\output\json\Graph_00105.trig.json	山形\酒田市議会会議録
山形	議会会議録	relation.tsv	平成３０年６月定例会（第３回）06月05日－01号.txt	https://kozaki-lab.jp/REFV-KG/docs/00106	Graph_00106.trig	.\output\json\Graph_00106.trig.json	山形\酒田市議会会議録
山形	議会会議録	relation.tsv	平成３０年６月定例会（第３回）06月07日－02号.txt	https://kozaki-lab.jp/REFV-KG/docs/00107	Graph_00107.trig	.\output\json\Graph_00107.trig.json	山形\酒田市議会会議録
山形	議会会議録	relation.tsv	平成３０年６月定例会（第３回）06月13日－03号.txt	https://kozaki-lab.jp/REFV-KG/docs/00108	Graph_00108.trig	.\output\json\Graph_00108.trig.json	山形\酒田市議会会議録
山形	議会会議録	relation.tsv	平成３０年９月定例会（第４回）08月30日－01号.txt	https://kozaki-lab.jp/REFV-KG/docs/00109	Graph_00109.trig	.\output\json\Graph_00109.trig.json	山形\酒田市議会会議録
山形	議会会議録	relation.tsv	平成３１年３月定例会（第１回）02月28日－02号.txt	https://kozaki-lab.jp/REFV-KG/docs/00110	Graph_00110.trig	.\output\json\Graph_00110.trig.json	山形\酒田市議会会議録
山形	議会会議録	relation.tsv	第４８６回遊佐町議会定例会（平成２５年２月１５日開会）議事日程第２号（１）.txt	https://kozaki-lab.jp/REFV-KG/docs/00111	Graph_00111.trig	.\output\json\Graph_00111.trig.json	山形\遊佐町議会会議録
山形	議会会議録	relation.tsv	第４９２回遊佐町議会定例会（平成２５年９月１０日開会）議事日程第１号.txt	https://kozaki-lab.jp/REFV-KG/docs/00112	Graph_00112.trig	.\output\json\Graph_00112.trig.json	山形\遊佐町議会会議録
山形	議会会議録	relation.tsv	第４９７回遊佐町議会定例会（平成２６年６月１７日開会）議事日程第2号.txt	https://kozaki-lab.jp/REFV-KG/docs/00113	Graph_00113.trig	.\output\json\Graph_00113.trig.json	山形\遊佐町議会会議録
山形	議会会議録	relation.tsv	第５5２回遊佐町議会定例会（令和３年１２月７日開会）議事日程第１号.txt	https://kozaki-lab.jp/REFV-KG/docs/00114	Graph_00114.trig	.\output\json\Graph_00114.trig.json	山形\遊佐町議会会議録
山形	議会会議録	relation.tsv	第５5２回遊佐町議会定例会（令和３年１２月７日開会）議事日程第２号.txt	https://kozaki-lab.jp/REFV-KG/docs/00115	Graph_00115.trig	.\output\json\Graph_00115.trig.json	山形\遊佐町議会会議録
山形	議会会議録	relation.tsv	第５２９回遊佐町議会定例会（平成３１年３月５日開会）議事日程第３号.txt	https://kozaki-lab.jp/REFV-KG/docs/00116	Graph_00116.trig	.\output\json\Graph_00116.trig.json	山形\遊佐町議会会議録
山形	議会会議録	relation.tsv	第５２９回遊佐町議会定例会（平成３１年３月５日開会）議事日程第４号.txt	https://kozaki-lab.jp/REFV-KG/docs/00117	Graph_00117.trig	.\output\json\Graph_00117.trig.json	山形\遊佐町議会会議録
山形	議会会議録	relation.tsv	第５３４回遊佐町議会定例会（令和２年３月３日開会）議事日程第４号.txt	https://kozaki-lab.jp/REFV-KG/docs/00118	Graph_00118.trig	.\output\json\Graph_00118.trig.json	山形\遊佐町議会会議録
山形	議会会議録	relation.tsv	第５３４回遊佐町議会定例会（令和２年３月３日開会）議事日程第５号.txt	https://kozaki-lab.jp/REFV-KG/docs/00119	Graph_00119.trig	.\output\json\Graph_00119.trig.json	山形\遊佐町議会会議録
山形	議会会議録	relation.tsv	第５３７回遊佐町議会定例会（令和２年６月９日開会）議事日程第１号.txt	https://kozaki-lab.jp/REFV-KG/docs/00120	Graph_00120.trig	.\output\json\Graph_00120.trig.json	山形\遊佐町議会会議録
山形	議会会議録	relation.tsv	第５３９回遊佐町議会定例会（令和２年９月８日開会）議事日程第１号.txt	https://kozaki-lab.jp/REFV-KG/docs/00121	Graph_00121.trig	.\output\json\Graph_00121.trig.json	山形\遊佐町議会会議録
山形	議会会議録	relation.tsv	第５３９回遊佐町議会定例会（令和２年９月８日開会）議事日程第５号（１）.txt	https://kozaki-lab.jp/REFV-KG/docs/00122	Graph_00122.trig	.\output\json\Graph_00122.trig.json	山形\遊佐町議会会議録
山形	議会会議録	relation.tsv	第５４9回遊佐町議会定例会（令和３年9月7日開会）議事日程第１号.txt	https://kozaki-lab.jp/REFV-KG/docs/00123	Graph_00123.trig	.\output\json\Graph_00123.trig.json	山形\遊佐町議会会議録
山形	議会会議録	relation.tsv	第５４9回遊佐町議会定例会（令和３年9月7日開会）議事日程第２号.txt	https://kozaki-lab.jp/REFV-KG/docs/00124	Graph_00124.trig	.\output\json\Graph_00124.trig.json	山形\遊佐町議会会議録
山形	議会会議録	relation.tsv	第５４２回遊佐町議会定例会（令和２年１２月８日開会）議事日程第１号.txt	https://kozaki-lab.jp/REFV-KG/docs/00125	Graph_00125.trig	.\output\json\Graph_00125.trig.json	山形\遊佐町議会会議録
山形	議会会議録	relation.tsv	第５４２回遊佐町議会定例会（令和２年１２月８日開会）議事日程第２号.txt	https://kozaki-lab.jp/REFV-KG/docs/00126	Graph_00126.trig	.\output\json\Graph_00126.trig.json	山形\遊佐町議会会議録
山形	議会会議録	relation.tsv	第５４２回遊佐町議会定例会（令和２年１２月８日開会）議事日程第３号（２）.txt	https://kozaki-lab.jp/REFV-KG/docs/00127	Graph_00127.trig	.\output\json\Graph_00127.trig.json	山形\遊佐町議会会議録
山形	議会会議録	relation.tsv	第５４４回遊佐町議会定例会（令和３年２月１５日開会）議事日程第４号.txt	https://kozaki-lab.jp/REFV-KG/docs/00128	Graph_00128.trig	.\output\json\Graph_00128.trig.json	山形\遊佐町議会会議録
山形	議会会議録	relation.tsv	第５４７回遊佐町議会定例会（令和３年６月８日開会）議事日程第１号.txt	https://kozaki-lab.jp/REFV-KG/docs/00129	Graph_00129.trig	.\output\json\Graph_00129.trig.json	山形\遊佐町議会会議録
山形	議会会議録	relation.tsv	第５４７回遊佐町議会定例会（令和３年６月８日開会）議事日程第２号.txt	https://kozaki-lab.jp/REFV-KG/docs/00130	Graph_00130.trig	.\output\json\Graph_00130.trig.json	山形\遊佐町議会会議録
山形	議会会議録	relation.tsv	第５５４回遊佐町議会定例会（令和４年３月３日開会）議事日程第３号.txt	https://kozaki-lab.jp/REFV-KG/docs/00131	Graph_00131.trig	.\output\json\Graph_00131.trig.json	山形\遊佐町議会会議録
山形	議会会議録	relation.tsv	第５５４回遊佐町議会定例会（令和４年３月３日開会）議事日程第４号.txt	https://kozaki-lab.jp/REFV-KG/docs/00132	Graph_00132.trig	.\output\json\Graph_00132.trig.json	山形\遊佐町議会会議録
山形	議会会議録	relation.tsv	第５５７回遊佐町議会定例会（令和４年６月７日開会）議事日程第１号.txt	https://kozaki-lab.jp/REFV-KG/docs/00133	Graph_00133.trig	.\output\json\Graph_00133.trig.json	山形\遊佐町議会会議録
山形	議会会議録	relation.tsv	第５５７回遊佐町議会定例会（令和４年６月７日開会）議事日程第２号.txt	https://kozaki-lab.jp/REFV-KG/docs/00134	Graph_00134.trig	.\output\json\Graph_00134.trig.json	山形\遊佐町議会会議録
山形	議会会議録	relation.tsv	第５６０回遊佐町議会定例会（令和４年９月６日開会）議事日程第２号（１）.txt	https://kozaki-lab.jp/REFV-KG/docs/00135	Graph_00135.trig	.\output\json\Graph_00135.trig.json	山形\遊佐町議会会議録
山形	議会会議録	relation.tsv	第５６０回遊佐町議会定例会（令和４年９月６日開会）議事日程第４号.txt	https://kozaki-lab.jp/REFV-KG/docs/00136	Graph_00136.trig	.\output\json\Graph_00136.trig.json	山形\遊佐町議会会議録
山形	議会会議録	relation.tsv	第５６４回遊佐町議会定例会（令和５年３月６日開会）議事日程第３号.txt	https://kozaki-lab.jp/REFV-KG/docs/00137	Graph_00137.trig	.\output\json\Graph_00137.trig.json	山形\遊佐町議会会議録
山形	議会会議録	relation.tsv	第５６４回遊佐町議会定例会（令和５年３月６日開会）議事日程第４号.txt	https://kozaki-lab.jp/REFV-KG/docs/00138	Graph_00138.trig	.\output\json\Graph_00138.trig.json	山形\遊佐町議会会議録
山形	議会会議録	relation.tsv	第５６４回遊佐町議会定例会（令和５年３月６日開会）議事日程第６号（１）.txt	https://kozaki-lab.jp/REFV-KG/docs/00139	Graph_00139.trig	.\output\json\Graph_00139.trig.json	山形\遊佐町議会会議録
山形	議会会議録	relation.tsv	第５６６回遊佐町議会定例会（令和５年５月２９日開会）議事日程第２号.txt	https://kozaki-lab.jp/REFV-KG/docs/00140	Graph_00140.trig	.\output\json\Graph_00140.trig.json	山形\遊佐町議会会議録
山形	議会会議録	relation.tsv	第５６６回遊佐町議会定例会（令和５年５月２９日開会）議事日程第３号（２）.txt	https://kozaki-lab.jp/REFV-KG/docs/00141	Graph_00141.trig	.\output\json\Graph_00141.trig.json	山形\遊佐町議会会議録
山形	議会会議録	relation.tsv	第５６８回遊佐町議会定例会（令和５年９月５日開会）議事日程第5号（1）.txt	https://kozaki-lab.jp/REFV-KG/docs/00142	Graph_00142.trig	.\output\json\Graph_00142.trig.json	山形\遊佐町議会会議録
山形	議会会議録	relation.tsv	第５６８回遊佐町議会定例会（令和５年９月５日開会）議事日程第１号.txt	https://kozaki-lab.jp/REFV-KG/docs/00143	Graph_00143.trig	.\output\json\Graph_00143.trig.json	山形\遊佐町議会会議録
山形	議会会議録	relation.tsv	第５６８回遊佐町議会定例会（令和５年９月５日開会）議事日程第２号.txt	https://kozaki-lab.jp/REFV-KG/docs/00144	Graph_00144.trig	.\output\json\Graph_00144.trig.json	山形\遊佐町議会会議録
山形	議会会議録	relation.tsv	第５６８回遊佐町議会定例会（令和５年９月５日開会）議事日程第３号（１）.txt	https://kozaki-lab.jp/REFV-KG/docs/00145	Graph_00145.trig	.\output\json\Graph_00145.trig.json	山形\遊佐町議会会議録
山形	議会会議録	relation.tsv	第５６９回遊佐町議会定例会（令和５年１２月５日開会）議事日程第１号.txt	https://kozaki-lab.jp/REFV-KG/docs/00146	Graph_00146.trig	.\output\json\Graph_00146.trig.json	山形\遊佐町議会会議録
山形	議会会議録	relation.tsv	第５６９回遊佐町議会定例会（令和５年１２月５日開会）議事日程第２号.txt	https://kozaki-lab.jp/REFV-KG/docs/00147	Graph_00147.trig	.\output\json\Graph_00147.trig.json	山形\遊佐町議会会議録
山形	議会会議録	relation.tsv	酒田市  令和　１年　１２月　定例会（第７回）  12月18日－03号.txt	https://kozaki-lab.jp/REFV-KG/docs/00148	Graph_00148.trig	.\output\json\Graph_00148.trig.json	山形\酒田市議会会議録
山形	議会会議録	relation.tsv	酒田市  令和　２年　　９月　定例会（第５回）  09月17日－05号.txt	https://kozaki-lab.jp/REFV-KG/docs/00149	Graph_00149.trig	.\output\json\Graph_00149.trig.json	山形\酒田市議会会議録
山形	議会会議録	relation.tsv	酒田市  令和　３年　　３月　定例会（第２回）  03月02日－03号.txt	https://kozaki-lab.jp/REFV-KG/docs/00150	Graph_00150.trig	.\output\json\Graph_00150.trig.json	山形\酒田市議会会議録
山形	議会会議録	relation.tsv	酒田市  令和　３年　　３月　定例会（第２回）  03月15日－05号.txt	https://kozaki-lab.jp/REFV-KG/docs/00151	Graph_00151.trig	.\output\json\Graph_00151.trig.json	山形\酒田市議会会議録
山形	議会会議録	relation.tsv	酒田市  令和　３年　　３月　定例会（第２回）  03月17日－06号.txt	https://kozaki-lab.jp/REFV-KG/docs/00152	Graph_00152.trig	.\output\json\Graph_00152.trig.json	山形\酒田市議会会議録
山形	議会会議録	relation.tsv	酒田市  令和　３年　　３月　定例会（第２回）  03月19日－07号.txt	https://kozaki-lab.jp/REFV-KG/docs/00153	Graph_00153.trig	.\output\json\Graph_00153.trig.json	山形\酒田市議会会議録
山形	議会会議録	relation.tsv	酒田市  令和　３年　　６月　定例会（第４回）  06月23日－05号.txt	https://kozaki-lab.jp/REFV-KG/docs/00154	Graph_00154.trig	.\output\json\Graph_00154.trig.json	山形\酒田市議会会議録
山形	議会会議録	relation.tsv	酒田市  令和　３年　　６月　定例会（第４回）  06月24日－06号.txt	https://kozaki-lab.jp/REFV-KG/docs/00155	Graph_00155.trig	.\output\json\Graph_00155.trig.json	山形\酒田市議会会議録
山形	議会会議録	relation.tsv	酒田市  令和　３年　　９月　定例会（第６回）  09月15日－04号.txt	https://kozaki-lab.jp/REFV-KG/docs/00156	Graph_00156.trig	.\output\json\Graph_00156.trig.json	山形\酒田市議会会議録
山形	議会会議録	relation.tsv	酒田市  令和　３年　　９月　定例会（第６回）  09月16日－05号.txt	https://kozaki-lab.jp/REFV-KG/docs/00157	Graph_00157.trig	.\output\json\Graph_00157.trig.json	山形\酒田市議会会議録
山形	議会会議録	relation.tsv	酒田市  令和　３年　１２月　定例会（第８回）  12月21日－04号.txt	https://kozaki-lab.jp/REFV-KG/docs/00158	Graph_00158.trig	.\output\json\Graph_00158.trig.json	山形\酒田市議会会議録
山形	議会会議録	relation.tsv	酒田市  令和　３年　１２月　定例会（第８回）  12月22日－05号.txt	https://kozaki-lab.jp/REFV-KG/docs/00159	Graph_00159.trig	.\output\json\Graph_00159.trig.json	山形\酒田市議会会議録
山形	議会会議録	relation.tsv	酒田市  令和　４年　　３月　定例会（第１回）  02月28日－02号.txt	https://kozaki-lab.jp/REFV-KG/docs/00160	Graph_00160.trig	.\output\json\Graph_00160.trig.json	山形\酒田市議会会議録
山形	議会会議録	relation.tsv	酒田市  令和　４年　　３月　定例会（第１回）  03月02日－03号.txt	https://kozaki-lab.jp/REFV-KG/docs/00161	Graph_00161.trig	.\output\json\Graph_00161.trig.json	山形\酒田市議会会議録
山形	議会会議録	relation.tsv	酒田市  令和　４年　　３月　定例会（第１回）  03月15日－07号.txt	https://kozaki-lab.jp/REFV-KG/docs/00162	Graph_00162.trig	.\output\json\Graph_00162.trig.json	山形\酒田市議会会議録
山形	議会会議録	relation.tsv	酒田市  令和　４年　　３月　定例会（第１回）  03月17日－08号.txt	https://kozaki-lab.jp/REFV-KG/docs/00163	Graph_00163.trig	.\output\json\Graph_00163.trig.json	山形\酒田市議会会議録
山形	議会会議録	relation.tsv	酒田市  令和　４年　　９月　定例会（第６回）  09月12日－01号.txt	https://kozaki-lab.jp/REFV-KG/docs/00164	Graph_00164.trig	.\output\json\Graph_00164.trig.json	山形\酒田市議会会議録
山形	議会会議録	relation.tsv	酒田市  令和　４年　１２月　定例会（第７回）  12月14日－05号.txt	https://kozaki-lab.jp/REFV-KG/docs/00165	Graph_00165.trig	.\output\json\Graph_00165.trig.json	山形\酒田市議会会議録
山形	議会会議録	relation.tsv	酒田市  令和　５年　　３月　定例会（第２回）  02月27日－02号.txt	https://kozaki-lab.jp/REFV-KG/docs/00166	Graph_00166.trig	.\output\json\Graph_00166.trig.json	山形\酒田市議会会議録
山形	議会会議録	relation.tsv	酒田市  令和　５年　　３月　定例会（第２回）  03月01日－03号.txt	https://kozaki-lab.jp/REFV-KG/docs/00167	Graph_00167.trig	.\output\json\Graph_00167.trig.json	山形\酒田市議会会議録
山形	議会会議録	relation.tsv	酒田市  令和　５年　　９月　定例会（第７回）  09月29日－01号.txt	https://kozaki-lab.jp/REFV-KG/docs/00168	Graph_00168.trig	.\output\json\Graph_00168.trig.json	山形\酒田市議会会議録
山形	議会会議録	relation.tsv	酒田市  令和　５年　　９月　定例会（第７回）  10月03日－02号.txt	https://kozaki-lab.jp/REFV-KG/docs/00169	Graph_00169.trig	.\output\json\Graph_00169.trig.json	山形\酒田市議会会議録
山形	議会会議録	relation.tsv	酒田市  令和　５年　　９月　定例会（第７回）  10月23日－06号.txt	https://kozaki-lab.jp/REFV-KG/docs/00170	Graph_00170.trig	.\output\json\Graph_00170.trig.json	山形\酒田市議会会議録
山形	議会会議録	relation.tsv	酒田市  令和　５年　１２月　定例会（第９回）  12月18日－04号.txt	https://kozaki-lab.jp/REFV-KG/docs/00171	Graph_00171.trig	.\output\json\Graph_00171.trig.json	山形\酒田市議会会議録
山形	議会会議録	relation.tsv	酒田市  令和　５年　１２月　定例会（第９回）  12月19日－05号.txt	https://kozaki-lab.jp/REFV-KG/docs/00172	Graph_00172.trig	.\output\json\Graph_00172.trig.json	山形\酒田市議会会議録
山形	議会会議録	relation.tsv	酒田市  令和　６年　　３月　定例会（第２回）  02月27日－02号.txt	https://kozaki-lab.jp/REFV-KG/docs/00173	Graph_00173.trig	.\output\json\Graph_00173.trig.json	山形\酒田市議会会議録
山形	議会会議録	relation.tsv	酒田市  令和　６年　　３月　定例会（第２回）  02月29日－03号.txt	https://kozaki-lab.jp/REFV-KG/docs/00174	Graph_00174.trig	.\output\json\Graph_00174.trig.json	山形\酒田市議会会議録
山形	議会会議録	relation.tsv	酒田市  令和　６年　　６月　定例議会（第２回）  06月17日－05号.txt	https://kozaki-lab.jp/REFV-KG/docs/00175	Graph_00175.trig	.\output\json\Graph_00175.trig.json	山形\酒田市議会会議録
山形	議会会議録	relation.tsv	酒田市  令和　６年　　６月　定例議会（第２回）  06月18日－06号.txt	https://kozaki-lab.jp/REFV-KG/docs/00176	Graph_00176.trig	.\output\json\Graph_00176.trig.json	山形\酒田市議会会議録
山形	議会会議録	relation.tsv	酒田市  令和　６年　　９月　定例議会（第６回）  09月25日－01号.txt	https://kozaki-lab.jp/REFV-KG/docs/00177	Graph_00177.trig	.\output\json\Graph_00177.trig.json	山形\酒田市議会会議録
山形	議会会議録	relation.tsv	酒田市  令和　６年　　９月　定例議会（第６回）  09月30日－02号.txt	https://kozaki-lab.jp/REFV-KG/docs/00178	Graph_00178.trig	.\output\json\Graph_00178.trig.json	山形\酒田市議会会議録
山形	議会会議録	relation.tsv	鶴岡市  令和　　元年　　６月　定例会  06月10日－04号.txt	https://kozaki-lab.jp/REFV-KG/docs/00179	Graph_00179.trig	.\output\json\Graph_00179.trig.json	山形\鶴岡市議会会議録
山形	議会会議録	relation.tsv	鶴岡市  令和　　２年　　９月　定例会  09月03日－02号.txt	https://kozaki-lab.jp/REFV-KG/docs/00180	Graph_00180.trig	.\output\json\Graph_00180.trig.json	山形\鶴岡市議会会議録
山形	議会会議録	relation.tsv	鶴岡市  令和　　２年　　９月　定例会  09月04日－03号.txt	https://kozaki-lab.jp/REFV-KG/docs/00181	Graph_00181.trig	.\output\json\Graph_00181.trig.json	山形\鶴岡市議会会議録
山形	議会会議録	relation.tsv	鶴岡市  令和　　２年　　９月　定例会  09月07日－04号.txt	https://kozaki-lab.jp/REFV-KG/docs/00182	Graph_00182.trig	.\output\json\Graph_00182.trig.json	山形\鶴岡市議会会議録
山形	議会会議録	relation.tsv	鶴岡市  令和　　２年　１２月　定例会  12月03日－02号.txt	https://kozaki-lab.jp/REFV-KG/docs/00183	Graph_00183.trig	.\output\json\Graph_00183.trig.json	山形\鶴岡市議会会議録
山形	議会会議録	relation.tsv	鶴岡市  令和　　３年　　９月　定例会  09月02日－02号.txt	https://kozaki-lab.jp/REFV-KG/docs/00184	Graph_00184.trig	.\output\json\Graph_00184.trig.json	山形\鶴岡市議会会議録
山形	議会会議録	relation.tsv	鶴岡市  令和　　４年　　３月　定例会  03月03日－02号.txt	https://kozaki-lab.jp/REFV-KG/docs/00185	Graph_00185.trig	.\output\json\Graph_00185.trig.json	山形\鶴岡市議会会議録
山形	議会会議録	relation.tsv	鶴岡市  令和　　４年　　９月　定例会  09月12日－04号.txt	https://kozaki-lab.jp/REFV-KG/docs/00186	Graph_00186.trig	.\output\json\Graph_00186.trig.json	山形\鶴岡市議会会議録
山形	議会会議録	relation.tsv	鶴岡市  令和　　４年　１２月　定例会  12月02日－03号.txt	https://kozaki-lab.jp/REFV-KG/docs/00187	Graph_00187.trig	.\output\json\Graph_00187.trig.json	山形\鶴岡市議会会議録
山形	議会会議録	relation.tsv	鶴岡市  令和　　５年　　３月　定例会  03月02日－02号.txt	https://kozaki-lab.jp/REFV-KG/docs/00188	Graph_00188.trig	.\output\json\Graph_00188.trig.json	山形\鶴岡市議会会議録
山形	議会会議録	relation.tsv	鶴岡市  令和　　５年　　３月　定例会  03月03日－03号.txt	https://kozaki-lab.jp/REFV-KG/docs/00189	Graph_00189.trig	.\output\json\Graph_00189.trig.json	山形\鶴岡市議会会議録
山形	議会会議録	relation.tsv	鶴岡市  令和　　５年　　６月　定例会  06月16日－03号.txt	https://kozaki-lab.jp/REFV-KG/docs/00190	Graph_00190.trig	.\output\json\Graph_00190.trig.json	山形\鶴岡市議会会議録
山形	議会会議録	relation.tsv	鶴岡市  令和　　５年　　６月　定例会  06月30日－06号.txt	https://kozaki-lab.jp/REFV-KG/docs/00191	Graph_00191.trig	.\output\json\Graph_00191.trig.json	山形\鶴岡市議会会議録
山形	議会会議録	relation.tsv	鶴岡市  令和　　５年　　９月　定例会  09月11日－04号.txt	https://kozaki-lab.jp/REFV-KG/docs/00192	Graph_00192.trig	.\output\json\Graph_00192.trig.json	山形\鶴岡市議会会議録
山形	議会会議録	relation.tsv	鶴岡市  令和　　６年　　６月　定例会  06月07日－03号.txt	https://kozaki-lab.jp/REFV-KG/docs/00193	Graph_00193.trig	.\output\json\Graph_00193.trig.json	山形\鶴岡市議会会議録
山形	議会会議録	relation.tsv	鶴岡市  令和　　６年　　９月　定例会  09月06日－03号.txt	https://kozaki-lab.jp/REFV-KG/docs/00194	Graph_00194.trig	.\output\json\Graph_00194.trig.json	山形\鶴岡市議会会議録
山形	議会会議録	relation.tsv	鶴岡市  平成　２８年　１２月　定例会  12月05日－04号.txt	https://kozaki-lab.jp/REFV-KG/docs/00195	Graph_00195.trig	.\output\json\Graph_00195.trig.json	山形\鶴岡市議会会議録
山形	議会会議録	relation.tsv	鶴岡市  平成　３１年　　３月　定例会  03月04日－03号.txt	https://kozaki-lab.jp/REFV-KG/docs/00196	Graph_00196.trig	.\output\json\Graph_00196.trig.json	山形\鶴岡市議会会議録
