input_file	graph	output_file	json_file
200703 （仮称）北海道小樽余市風力発電所計画段階環境配慮書に係る知事意見.pdf	https://kozaki-lab.jp/REFV-KG/docs/Hokkaido/00001	Hokkaido_00001.trig	.\output\json\Hokkaido_00001.trig.json
20190716 メガソーラービジネス（北海道初の「蓄電池併設型」、松前で国内最大風車が稼働）.pdf	https://kozaki-lab.jp/REFV-KG/docs/Hokkaido/00002	Hokkaido_00002.trig	.\output\json\Hokkaido_00002.trig.json
20191219 ニュースリリース：北海道松前町と東急不動産 風力発電事業と地域活性化に関する協定書を締結.pdf	https://kozaki-lab.jp/REFV-KG/docs/Hokkaido/00003	Hokkaido_00003.trig	.\output\json\Hokkaido_00003.trig.json
20191219 北海道松前町と東急不動産 風力発電事業と地域活性化に関する協定書を締結（東急不動産ウェブサイト）.pdf	https://kozaki-lab.jp/REFV-KG/docs/Hokkaido/00004	Hokkaido_00004.trig	.\output\json\Hokkaido_00004.trig.json
20220301 ニュースリリース：北海道松前町と東急不動産　まちづくり計画策定に関する協定書を締結.pdf	https://kozaki-lab.jp/REFV-KG/docs/Hokkaido/00005	Hokkaido_00005.trig	.\output\json\Hokkaido_00005.trig.json
20220301 北海道松前町と東急不動産　まちづくり計画策定に関する協定書を締結（東急不動産ウェブサイト）.pdf	https://kozaki-lab.jp/REFV-KG/docs/Hokkaido/00006	Hokkaido_00006.trig	.\output\json\Hokkaido_00006.trig.json
20220530 配慮書提出：北海道および宮城県における陸上風力発電所開発の検討開始（関西電力）.pdf	https://kozaki-lab.jp/REFV-KG/docs/Hokkaido/00007	Hokkaido_00007.trig	.\output\json\Hokkaido_00007.trig.json
20220630 （日本自然保護協会HP）関西電力が公表した５件の風力発電所開発の計画段階環境配慮書に対して意見書を提出しました.pdf	https://kozaki-lab.jp/REFV-KG/docs/Hokkaido/00008	Hokkaido_00008.trig	.\output\json\Hokkaido_00008.trig.json
20220630 （日本自然保護協会）（仮称）古平・仁木・余市ウィンドファーム事業計画段階環境配慮書に関する意見書.pdf	https://kozaki-lab.jp/REFV-KG/docs/Hokkaido/00009	Hokkaido_00009.trig	.\output\json\Hokkaido_00009.trig.json
20220704 ニュースリリース：北海道松前町教育委員会との協定書の締結について ～再生可能エネルギーと共に歩む街づくりに向けて～.pdf	https://kozaki-lab.jp/REFV-KG/docs/Hokkaido/00010	Hokkaido_00010.trig	.\output\json\Hokkaido_00010.trig.json
20220704 北海道松前町教育委員会との協定書の締結について ～再生可能エネルギーと共に歩む街づくりに向けて～（東急不動産ウェブサイト）.pdf	https://kozaki-lab.jp/REFV-KG/docs/Hokkaido/00011	Hokkaido_00011.trig	.\output\json\Hokkaido_00011.trig.json
20220824 日経BizGate（北海道最南端の町、「風車と牛」で再生　東急不と連携）.pdf	https://kozaki-lab.jp/REFV-KG/docs/Hokkaido/00012	Hokkaido_00012.trig	.\output\json\Hokkaido_00012.trig.json
20220912 令和4年9月12日知事意見　法84_01配慮書_01知事_(仮称)古平・仁木・余市ウィンドファーム事業.pdf	https://kozaki-lab.jp/REFV-KG/docs/Hokkaido/00013	Hokkaido_00013.trig	.\output\json\Hokkaido_00013.trig.json
20230216 北海道新聞デジタル（＜デジタル発＞風力発電、各地で住民「待った」　適地減り土砂崩れなど懸念　計画撤回も）.pdf	https://kozaki-lab.jp/REFV-KG/docs/Hokkaido/00014	Hokkaido_00014.trig	.\output\json\Hokkaido_00014.trig.json
20230405 ニュースリリース：松前町と企業連携まちづくり計画等の推進業務に係る協定書を締結.pdf	https://kozaki-lab.jp/REFV-KG/docs/Hokkaido/00015	Hokkaido_00015.trig	.\output\json\Hokkaido_00015.trig.json
20230405 松前町と企業連携まちづくり計画等の推進業務に係る協定書を締結（東急不動産ウェブサイト）.pdf	https://kozaki-lab.jp/REFV-KG/docs/Hokkaido/00016	Hokkaido_00016.trig	.\output\json\Hokkaido_00016.trig.json
20230418 ニュースリリース：北海道松前町における地域活性化プロジェクト 学生による「松前~提案 新設された「一般社団法人北海道まつまえ観光物産協会」の協会ロゴマークに採用決定.pdf	https://kozaki-lab.jp/REFV-KG/docs/Hokkaido/00017	Hokkaido_00017.trig	.\output\json\Hokkaido_00017.trig.json
20230418 北海道松前町における地域活性化プロジェクト 学生による「松前町ブランドロゴ」「~人北海道まつまえ観光物産協会」の協会ロゴマークに採用決定（東急不動産ウェブサイト）.pdf	https://kozaki-lab.jp/REFV-KG/docs/Hokkaido/00018	Hokkaido_00018.trig	.\output\json\Hokkaido_00018.trig.json
20230602 東洋経済オンライン（北海道｢釧路湿原｣侵食するソーラーパネルの深刻 天然記念物も生息する日本最大の湿原に異変）.pdf	https://kozaki-lab.jp/REFV-KG/docs/Hokkaido/00019	Hokkaido_00019.trig	.\output\json\Hokkaido_00019.trig.json
20230921 まちの特性を活かした風力発電事業によって地域活性化を促進する北海道松前町の新~企画・開発を行う「みんなでつくるプロジェクト」等を実施～（東急不動産ウェブサイト）.pdf	https://kozaki-lab.jp/REFV-KG/docs/Hokkaido/00020	Hokkaido_00020.trig	.\output\json\Hokkaido_00020.trig.json
20230921 ニュースリリース：まちの特性を活かした風力発電事業によって地域活性化を促進す~松前」が開園 ～地域参加型で企画・開発を行う「みんなでつくるプロジェクト」等を実施～.pdf	https://kozaki-lab.jp/REFV-KG/docs/Hokkaido/00021	Hokkaido_00021.trig	.\output\json\Hokkaido_00021.trig.json
20231121 「（仮称）古平・余市ウィンドファーム事業 環境影響評価方法書」の提出.pdf	https://kozaki-lab.jp/REFV-KG/docs/Hokkaido/00022	Hokkaido_00022.trig	.\output\json\Hokkaido_00022.trig.json
20231121 朝日新聞（関電、北海道での風力発電計画を大幅縮小　自然保護団体や地元が反対 [北海道]）.pdf	https://kozaki-lab.jp/REFV-KG/docs/Hokkaido/00023	Hokkaido_00023.trig	.\output\json\Hokkaido_00023.trig.json
20231122 （仮称）古平・余市ウィンドファーム事業　環境影響評価方法書のあらまし（関西電力株式会社）.pdf	https://kozaki-lab.jp/REFV-KG/docs/Hokkaido/00024	Hokkaido_00024.trig	.\output\json\Hokkaido_00024.trig.json
20231216 朝日新聞（風力発電に「逆風」　計画縮小の関西電力が説明会、住民から厳しい声 [北海道]）.pdf	https://kozaki-lab.jp/REFV-KG/docs/Hokkaido/00025	Hokkaido_00025.trig	.\output\json\Hokkaido_00025.trig.json
20240229 北海道新聞デジタル（松前のマイクログリッド運用始まる　災害時に避難場所などに電力供給）.pdf	https://kozaki-lab.jp/REFV-KG/docs/Hokkaido/00026	Hokkaido_00026.trig	.\output\json\Hokkaido_00026.trig.json
20240402 北海道新聞（太陽光発電の建設規制へ　釧路市、年度内にも条例制定）.pdf	https://kozaki-lab.jp/REFV-KG/docs/Hokkaido/00027	Hokkaido_00027.trig	.\output\json\Hokkaido_00027.trig.json
20240407 毎日新聞（市民団体　釧路市長へ回答求め　太陽光事業で質問書）.pdf	https://kozaki-lab.jp/REFV-KG/docs/Hokkaido/00028	Hokkaido_00028.trig	.\output\json\Hokkaido_00028.trig.json
20240422 令和6年4月22日知事意見　法84_方法書_知事_(仮称)古平・余市ウィンドファーム事業.pdf	https://kozaki-lab.jp/REFV-KG/docs/Hokkaido/00029	Hokkaido_00029.trig	.\output\json\Hokkaido_00029.trig.json
20240516 北海道新聞デジタル（東急不動産の松前事務所「テノハ」開所　町民、観光客、交流の場に）.pdf	https://kozaki-lab.jp/REFV-KG/docs/Hokkaido/00030	Hokkaido_00030.trig	.\output\json\Hokkaido_00030.trig.json
20240624 東洋経済オンライン（釧路湿原の大量メガソーラーに土地買取で対抗 原野商法で取得した土地｢手放したい｣人々も ）.pdf	https://kozaki-lab.jp/REFV-KG/docs/Hokkaido/00031	Hokkaido_00031.trig	.\output\json\Hokkaido_00031.trig.json
20240626 北海道新聞デジタル（風車下のソバ、特産に　松前高生ら種まき）.pdf	https://kozaki-lab.jp/REFV-KG/docs/Hokkaido/00032	Hokkaido_00032.trig	.\output\json\Hokkaido_00032.trig.json
20240724 北海道新聞デジタル（風力発電を見学　松前・松城小5年生）.pdf	https://kozaki-lab.jp/REFV-KG/docs/Hokkaido/00033	Hokkaido_00033.trig	.\output\json\Hokkaido_00033.trig.json
20240920 “再生可能エネルギー×地域共生”の_br_フラッグシップ拠点「TENOHA松前」オープン｜GREEN MAGAZINE（東急不動産ウェブサイト）.pdf	https://kozaki-lab.jp/REFV-KG/docs/Hokkaido/00034	Hokkaido_00034.trig	.\output\json\Hokkaido_00034.trig.json
20240925 北海道新聞デジタル（松前観光　デジタル地図で　松前高生、札幌大生が制作　飲食店取材　お薦めポイント記す）.pdf	https://kozaki-lab.jp/REFV-KG/docs/Hokkaido/00035	Hokkaido_00035.trig	.\output\json\Hokkaido_00035.trig.json
20250120 北海道新聞デジタル（松前沖の風車　VRで景観紹介　町、建設前に専用サイト開設）.pdf	https://kozaki-lab.jp/REFV-KG/docs/Hokkaido/00036	Hokkaido_00036.trig	.\output\json\Hokkaido_00036.trig.json
20250211 北海道新聞 道南版（「松前再エネ電力」4月設立　町と東急不動産　32年売電開始　町内に安く提供目指す）.pdf	https://kozaki-lab.jp/REFV-KG/docs/Hokkaido/00037	Hokkaido_00037.trig	.\output\json\Hokkaido_00037.trig.json
20250402 北海道新聞デジタル（釧路メガソーラー予定地、一部建設断念へ　オジロワシ営巣地付近）.pdf	https://kozaki-lab.jp/REFV-KG/docs/Hokkaido/00038	Hokkaido_00038.trig	.\output\json\Hokkaido_00038.trig.json
20250409 北海道新聞デジタル（太陽光発電工事規制、環境省事務所に要望　釧路の共産市議団）.pdf	https://kozaki-lab.jp/REFV-KG/docs/Hokkaido/00039	Hokkaido_00039.trig	.\output\json\Hokkaido_00039.trig.json
20250410 北海道新聞デジタル（釧路市議らオジロワシの巣確認　メガソーラー建設予定地　抱卵中の希少種に驚き）.pdf	https://kozaki-lab.jp/REFV-KG/docs/Hokkaido/00040	Hokkaido_00040.trig	.\output\json\Hokkaido_00040.trig.json
20250415 北海道新聞デジタル（環境省から釧路市に出向の篠崎さん　パイプ生かし環境保全・条例化へ協力）.pdf	https://kozaki-lab.jp/REFV-KG/docs/Hokkaido/00041	Hokkaido_00041.trig	.\output\json\Hokkaido_00041.trig.json
20250418 北海道新聞デジタル（【独自】釧路・メガソーラー建設　別の予定地も立ち入り禁止通告　市教委）.pdf	https://kozaki-lab.jp/REFV-KG/docs/Hokkaido/00042	Hokkaido_00042.trig	.\output\json\Hokkaido_00042.trig.json
20250428 北海道新聞デジタル（釧路湿原周辺メガソーラー　市民団体など見直し要望）.pdf	https://kozaki-lab.jp/REFV-KG/docs/Hokkaido/00043	Hokkaido_00043.trig	.\output\json\Hokkaido_00043.trig.json
20250525 朝日新聞デジタル（釧路湿原の太陽光発電　事業者が中止意向　オジロワシ営巣影響回避）.pdf	https://kozaki-lab.jp/REFV-KG/docs/Hokkaido/00044	Hokkaido_00044.trig	.\output\json\Hokkaido_00044.trig.json
20250528 北海道新聞デジタル（松前沖風力　町民が質疑　町、各地で住民説明会）.pdf	https://kozaki-lab.jp/REFV-KG/docs/Hokkaido/00045	Hokkaido_00045.trig	.\output\json\Hokkaido_00045.trig.json
20250529 北海道新聞デジタル（松前の10公共施設、再エネ電力に　6月から　町内からも一部供給）.pdf	https://kozaki-lab.jp/REFV-KG/docs/Hokkaido/00046	Hokkaido_00046.trig	.\output\json\Hokkaido_00046.trig.json
20250623 北海道新聞デジタル（風力発電固定資産税　17年間で9.7億円試算　余市町長が答弁）.pdf	https://kozaki-lab.jp/REFV-KG/docs/Hokkaido/00047	Hokkaido_00047.trig	.\output\json\Hokkaido_00047.trig.json
20250625 北海道新聞デジタル（大型洋上風力に現実味　松前・檜山沖再エネ促進区域指定へ　沿岸自治体歓迎の声）.pdf	https://kozaki-lab.jp/REFV-KG/docs/Hokkaido/00048	Hokkaido_00048.trig	.\output\json\Hokkaido_00048.trig.json
20250625 北海道新聞デジタル（松前・檜山沖「促進区域」8月指定へ　洋上風力、26年春にも事業者公募）.pdf	https://kozaki-lab.jp/REFV-KG/docs/Hokkaido/00049	Hokkaido_00049.trig	.\output\json\Hokkaido_00049.trig.json
20250804 北海道新聞デジタル（太陽光発電　釧路市が指導を　管内市民団体が要望書）.pdf	https://kozaki-lab.jp/REFV-KG/docs/Hokkaido/00050	Hokkaido_00050.trig	.\output\json\Hokkaido_00050.trig.json
20250807 北海道新聞デジタル（松前町の最新求人情報、LINEやHPで　テノハに「JOBステーション」開設）.pdf	https://kozaki-lab.jp/REFV-KG/docs/Hokkaido/00051	Hokkaido_00051.trig	.\output\json\Hokkaido_00051.trig.json
20250815 北海道新聞デジタル（太陽光発電所による住宅の浸水懸念　予定地隣接の住民、釧路市長に要望）.pdf	https://kozaki-lab.jp/REFV-KG/docs/Hokkaido/00052	Hokkaido_00052.trig	.\output\json\Hokkaido_00052.trig.json
20250818 北海道新聞デジタル（再エネ電力、松前町民と共に　会社創立記念しイベント）.pdf	https://kozaki-lab.jp/REFV-KG/docs/Hokkaido/00053	Hokkaido_00053.trig	.\output\json\Hokkaido_00053.trig.json
20250820 北海道新聞デジタル（再エネ「自然と共生を」　北大教授と釧路市職員がトーク）.pdf	https://kozaki-lab.jp/REFV-KG/docs/Hokkaido/00054	Hokkaido_00054.trig	.\output\json\Hokkaido_00054.trig.json
20250822 北海道新聞デジタル（太陽光発電所建設　事業者「中止応じられない」　釧路市議の要請文に回答）.pdf	https://kozaki-lab.jp/REFV-KG/docs/Hokkaido/00055	Hokkaido_00055.trig	.\output\json\Hokkaido_00055.trig.json
20250825 北海道新聞デジタル（【独自】釧路湿原メガソーラー工事「タンチョウ滅失を危惧」　市教委が国に意見書　文化庁、26日にも見解）.pdf	https://kozaki-lab.jp/REFV-KG/docs/Hokkaido/00056	Hokkaido_00056.trig	.\output\json\Hokkaido_00056.trig.json
20250826 北海道新聞デジタル（釧路湿原メガソーラー「天然記念物への影響確認が適当」　文科相、釧路市教委に回答）.pdf	https://kozaki-lab.jp/REFV-KG/docs/Hokkaido/00057	Hokkaido_00057.trig	.\output\json\Hokkaido_00057.trig.json
20250827 北海道新聞デジタル（釧路湿原メガソーラー計画　文化庁見解に歓迎と困惑　環境団体「保護につながる」／工事業者「きちんと手続き」）.pdf	https://kozaki-lab.jp/REFV-KG/docs/Hokkaido/00058	Hokkaido_00058.trig	.\output\json\Hokkaido_00058.trig.json
20250828 北海道新聞デジタル（太陽光発電規制、事業中止でも要届け出　釧路市、パブコメ公表）.pdf	https://kozaki-lab.jp/REFV-KG/docs/Hokkaido/00059	Hokkaido_00059.trig	.\output\json\Hokkaido_00059.trig.json
20250829 北海道新聞デジタル（釧路湿原周辺のメガソーラー計画　環境省が職員派遣　対応策を検討）.pdf	https://kozaki-lab.jp/REFV-KG/docs/Hokkaido/00060	Hokkaido_00060.trig	.\output\json\Hokkaido_00060.trig.json
20250901 北海道新聞デジタル（釧路市長、環境省職員と意見交換　湿原周辺にメガソーラー計画　法改正求める）.pdf	https://kozaki-lab.jp/REFV-KG/docs/Hokkaido/00061	Hokkaido_00061.trig	.\output\json\Hokkaido_00061.trig.json
20250908 朝日新聞（現場へ！逆風 風力発電（１）再エネと地域共生どうなる　「そんなに必要なら東京に風車つくれば」）.pdf	https://kozaki-lab.jp/REFV-KG/docs/Hokkaido/00062	Hokkaido_00062.trig	.\output\json\Hokkaido_00062.trig.json
20250909 北海道新聞デジタル（釧路メガソーラー、事業継続強調　大阪の事業者　植林、タンチョウ保護柵設置へ）.pdf	https://kozaki-lab.jp/REFV-KG/docs/Hokkaido/00063	Hokkaido_00063.trig	.\output\json\Hokkaido_00063.trig.json
20250909 北海道新聞デジタル（釧路湿原周辺メガソーラー　市、事業者提出書類の偽装黙認　提出日と日付相違）.pdf	https://kozaki-lab.jp/REFV-KG/docs/Hokkaido/00064	Hokkaido_00064.trig	.\output\json\Hokkaido_00064.trig.json
20250909 北海道新聞デジタル（釧路湿原周辺メガソーラー、自民議連が視察　事業者、専門家と面会　設置規制強化へ）.pdf	https://kozaki-lab.jp/REFV-KG/docs/Hokkaido/00065	Hokkaido_00065.trig	.\output\json\Hokkaido_00065.trig.json
20250909 朝日新聞（現場へ！逆風 風力発電（２）ブナの楽園脅かす風力発電開発　国策でも「賛成できない」理由）.pdf	https://kozaki-lab.jp/REFV-KG/docs/Hokkaido/00066	Hokkaido_00066.trig	.\output\json\Hokkaido_00066.trig.json
20250910 朝日新聞（現場へ！逆風 風力発電（３）脱炭素が「自然破壊」のジレンマ　環境NGOが問題視する計画）.pdf	https://kozaki-lab.jp/REFV-KG/docs/Hokkaido/00067	Hokkaido_00067.trig	.\output\json\Hokkaido_00067.trig.json
20250911 北海道新聞デジタル（【独自】鶴居村、タンチョウ景観保護へ民有地購入　釧路でメガソーラー建設、大阪の業者が一時計画）.pdf	https://kozaki-lab.jp/REFV-KG/docs/Hokkaido/00068	Hokkaido_00068.trig	.\output\json\Hokkaido_00068.trig.json
20250911 北海道新聞デジタル（タンチョウ舞う景観守れ　鶴居村が寄付金受け付け開始　太陽光発電所計画浮上の民有地購入に活用）.pdf	https://kozaki-lab.jp/REFV-KG/docs/Hokkaido/00069	Hokkaido_00069.trig	.\output\json\Hokkaido_00069.trig.json
20250911 北海道新聞デジタル（国立公園隣接地のメガソーラーに規制を　標茶町、環境省へ法整備要請）.pdf	https://kozaki-lab.jp/REFV-KG/docs/Hokkaido/00070	Hokkaido_00070.trig	.\output\json\Hokkaido_00070.trig.json
20250911 朝日新聞（現場へ！逆風 風力発電（４）事前に警告もバードストライク止まらず　「野放図な開発」歯止めは）.pdf	https://kozaki-lab.jp/REFV-KG/docs/Hokkaido/00071	Hokkaido_00071.trig	.\output\json\Hokkaido_00071.trig.json
20250912 朝日新聞（現場へ！逆風 風力発電（５）「お飾り」「情報提供」ゾーニングの行方　何を残すか次代への選択）.pdf	https://kozaki-lab.jp/REFV-KG/docs/Hokkaido/00072	Hokkaido_00072.trig	.\output\json\Hokkaido_00072.trig.json
20250917 北海道新聞デジタル（原野は急に姿を変えた―。どうなる釧路湿原周辺メガソーラー建設　国会議員や官庁巻き込む騒動に　自然との共存課題）.pdf	https://kozaki-lab.jp/REFV-KG/docs/Hokkaido/00073	Hokkaido_00073.trig	.\output\json\Hokkaido_00073.trig.json
20250917 北海道新聞デジタル（釧路のメガソーラー事業者、工事を一時中断　申請より多く伐採した0.5ヘクタールに植林、11月にも再開）.pdf	https://kozaki-lab.jp/REFV-KG/docs/Hokkaido/00074	Hokkaido_00074.trig	.\output\json\Hokkaido_00074.trig.json
20250917 北海道新聞デジタル（釧路湿原周辺メガソーラー　事業者、届け出せずに盛り土工事　北海道も4カ月把握できず）.pdf	https://kozaki-lab.jp/REFV-KG/docs/Hokkaido/00075	Hokkaido_00075.trig	.\output\json\Hokkaido_00075.trig.json
20250926 北海道新聞デジタル（メガソーラー予定地視察　立憲衆院議員ら「自然破壊されショック」）.pdf	https://kozaki-lab.jp/REFV-KG/docs/Hokkaido/00076	Hokkaido_00076.trig	.\output\json\Hokkaido_00076.trig.json
20250930 北海道新聞デジタル（【独自】釧路市の天然記念物キタサンショウウオ調査「不十分」　市教委、湿原メガソーラーに再調査要請へ）.pdf	https://kozaki-lab.jp/REFV-KG/docs/Hokkaido/00077	Hokkaido_00077.trig	.\output\json\Hokkaido_00077.trig.json
20251001 北海道新聞デジタル（釧路市、メガソーラー許可制に　規制条例が施行　市長「建設の歯止めに」）.pdf	https://kozaki-lab.jp/REFV-KG/docs/Hokkaido/00078	Hokkaido_00078.trig	.\output\json\Hokkaido_00078.trig.json
20251010 北海道新聞デジタル（釧路湿原メガソーラー事業者、土壌汚染対策法にも違反か　届け出、半年以上提出せず）.pdf	https://kozaki-lab.jp/REFV-KG/docs/Hokkaido/00079	Hokkaido_00079.trig	.\output\json\Hokkaido_00079.trig.json
20251014 北海道新聞デジタル（希少種保護、違反行為に罰則案　環境省が法改正巡り初の検討会　釧路湿原メガソーラー問題受け）.pdf	https://kozaki-lab.jp/REFV-KG/docs/Hokkaido/00080	Hokkaido_00080.trig	.\output\json\Hokkaido_00080.trig.json
20251015 北海道新聞デジタル（太陽光の2割、外資参入　釧路湿原予定地、シンガポール系に売却）.pdf	https://kozaki-lab.jp/REFV-KG/docs/Hokkaido/00081	Hokkaido_00081.trig	.\output\json\Hokkaido_00081.trig.json
20251015 北海道新聞デジタル（釧路湿原メガソーラー「速やかに工事進めたい」　大阪の事業者、市と協議）.pdf	https://kozaki-lab.jp/REFV-KG/docs/Hokkaido/00082	Hokkaido_00082.trig	.\output\json\Hokkaido_00082.trig.json
20251020 北海道新聞デジタル（釧路の市街化調整区域ほぼ全域でタンチョウなど生息確認　猛禽類医学研究所が市長に報告）.pdf	https://kozaki-lab.jp/REFV-KG/docs/Hokkaido/00083	Hokkaido_00083.trig	.\output\json\Hokkaido_00083.trig.json
20251023 北海道新聞デジタル（釧路湿原メガソーラー「なぜ中止命令出さない」　登山家・野口さん講演）.pdf	https://kozaki-lab.jp/REFV-KG/docs/Hokkaido/00084	Hokkaido_00084.trig	.\output\json\Hokkaido_00084.trig.json
20251024 北海道新聞デジタル（メガソーラー乱立阻止へ土地購入　釧路自然保護協会などが寄付金募集）.pdf	https://kozaki-lab.jp/REFV-KG/docs/Hokkaido/00085	Hokkaido_00085.trig	.\output\json\Hokkaido_00085.trig.json
20251028 北海道新聞デジタル（釧路湿原メガソーラー　北海道、事業者に工事中断継続を指導　土壌調査終了まで）.pdf	https://kozaki-lab.jp/REFV-KG/docs/Hokkaido/00086	Hokkaido_00086.trig	.\output\json\Hokkaido_00086.trig.json
20251028 北海道新聞デジタル（釧路湿原太陽光の盛り土工事、北海道に再調査要請を　市長に市議）.pdf	https://kozaki-lab.jp/REFV-KG/docs/Hokkaido/00087	Hokkaido_00087.trig	.\output\json\Hokkaido_00087.trig.json
20251030 北海道新聞デジタル（釧路湿原国立公園を拡張へ　環境省が検討　メガソーラー建設抑止で）.pdf	https://kozaki-lab.jp/REFV-KG/docs/Hokkaido/00088	Hokkaido_00088.trig	.\output\json\Hokkaido_00088.trig.json
20251030 東洋経済オンライン（著名人のSNS発信で批判広がった北海道･釧路のメガソーラー､｢新たな規制条例施行｣も問題が解決しない複雑な事情）.pdf	https://kozaki-lab.jp/REFV-KG/docs/Hokkaido/00089	Hokkaido_00089.trig	.\output\json\Hokkaido_00089.trig.json
20251031 北海道新聞デジタル（釧路の自然環境保全　ふるさと納税で支援）.pdf	https://kozaki-lab.jp/REFV-KG/docs/Hokkaido/00090	Hokkaido_00090.trig	.\output\json\Hokkaido_00090.trig.json
20251031 北海道新聞デジタル（釧路市政運営　賛否相半ば　市議会5会派代表に聞く＜鶴間市長就任1年＞）.pdf	https://kozaki-lab.jp/REFV-KG/docs/Hokkaido/00091	Hokkaido_00091.trig	.\output\json\Hokkaido_00091.trig.json
20251120 北海道新聞デジタル（釧路湿原メガソーラー　北海道、土壌汚染調査計画を受理せず　事業者に再提出求める）.pdf	https://kozaki-lab.jp/REFV-KG/docs/Hokkaido/00092	Hokkaido_00092.trig	.\output\json\Hokkaido_00092.trig.json
20251205 北海道新聞デジタル（釧路・昭和メガソーラー　事業者、地元町内会に「協力金」支払い提示　「建設反対」受領拒否方針）.pdf	https://kozaki-lab.jp/REFV-KG/docs/Hokkaido/00093	Hokkaido_00093.trig	.\output\json\Hokkaido_00093.trig.json
20251211 北海道新聞デジタル（釧路湿原メガソーラー　中止求め署名17万人分　自然保護協会など北海道に提出）.pdf	https://kozaki-lab.jp/REFV-KG/docs/Hokkaido/00094	Hokkaido_00094.trig	.\output\json\Hokkaido_00094.trig.json
20251218 北海道新聞デジタル（釧路出資の再エネ会社を　市の協議会初会合　太陽光促進候補地も示す）.pdf	https://kozaki-lab.jp/REFV-KG/docs/Hokkaido/00095	Hokkaido_00095.trig	.\output\json\Hokkaido_00095.trig.json
20251220 北海道新聞デジタル（釧路・大楽毛太陽光、事業者「月内にも着工」　タンチョウ懸念し住民反対）.pdf	https://kozaki-lab.jp/REFV-KG/docs/Hokkaido/00096	Hokkaido_00096.trig	.\output\json\Hokkaido_00096.trig.json
20251222 北海道新聞デジタル（釧路・昭和のメガソーラー着工　日本エコロジー、市の再調査要請に応じず）.pdf	https://kozaki-lab.jp/REFV-KG/docs/Hokkaido/00097	Hokkaido_00097.trig	.\output\json\Hokkaido_00097.trig.json
20260204 北海道新聞デジタル（再生可能エネルギー　地域とどう調和＜水曜討論＞）.pdf	https://kozaki-lab.jp/REFV-KG/docs/Hokkaido/00098	Hokkaido_00098.trig	.\output\json\Hokkaido_00098.trig.json
20260209 北海道新聞デジタル（東京の太陽光発電事業者、釧路市に建設前の協議申請　条例施行後初）.pdf	https://kozaki-lab.jp/REFV-KG/docs/Hokkaido/00099	Hokkaido_00099.trig	.\output\json\Hokkaido_00099.trig.json
20260220 北海道新聞デジタル（釧路市、環境保全推進へ6地域選定　生物多様性戦略の素案公表）.pdf	https://kozaki-lab.jp/REFV-KG/docs/Hokkaido/00100	Hokkaido_00100.trig	.\output\json\Hokkaido_00100.trig.json
20260305 北海道新聞デジタル（釧路のメガソーラー、隣接国有地に無断侵入　除雪車両通行へ板設置）.pdf	https://kozaki-lab.jp/REFV-KG/docs/Hokkaido/00101	Hokkaido_00101.trig	.\output\json\Hokkaido_00101.trig.json
20260310 北海道新聞デジタル（釧路市、太陽光発電規制条例を改正へ　パネル廃棄の保証金と質権設定を義務化）.pdf	https://kozaki-lab.jp/REFV-KG/docs/Hokkaido/00102	Hokkaido_00102.trig	.\output\json\Hokkaido_00102.trig.json
20260319 北海道新聞デジタル（釧路のメガソーラー予定地　北海道が調査命令　基準超の有害物質、7月までに詳細調査求める）.pdf	https://kozaki-lab.jp/REFV-KG/docs/Hokkaido/00103	Hokkaido_00103.trig	.\output\json\Hokkaido_00103.trig.json
210318 （仮称）北海道小樽余市風力発電所環境影響評価方法書に係る知事意見.pdf	https://kozaki-lab.jp/REFV-KG/docs/Hokkaido/00104	Hokkaido_00104.trig	.\output\json\Hokkaido_00104.trig.json
matsumae_iken.pdf	https://kozaki-lab.jp/REFV-KG/docs/Hokkaido/00105	Hokkaido_00105.trig	.\output\json\Hokkaido_00105.trig.json
ReENE ウィンドファーム松前 ウェブサイト.pdf	https://kozaki-lab.jp/REFV-KG/docs/Hokkaido/00106	Hokkaido_00106.trig	.\output\json\Hokkaido_00106.trig.json
ふるさとチョイス：あなたの寄附が自然を守る、未来へつなぐ　釧路湿原等自然環境保全支援 【返礼品なし】1000円～ shizen01var - 北海道釧路市.pdf	https://kozaki-lab.jp/REFV-KG/docs/Hokkaido/00107	Hokkaido_00107.trig	.\output\json\Hokkaido_00107.trig.json
ピーク・エイド：20251023　釧路にてトークイベント開催 (1).pdf	https://kozaki-lab.jp/REFV-KG/docs/Hokkaido/00108	Hokkaido_00108.trig	.\output\json\Hokkaido_00108.trig.json
ピーク・エイド：20251023　釧路にてトークイベント開催.pdf	https://kozaki-lab.jp/REFV-KG/docs/Hokkaido/00109	Hokkaido_00109.trig	.\output\json\Hokkaido_00109.trig.json
リエネ松前風力発電所 - ReENE - 東急不動産の再生可能エネルギー事業[リエネ].pdf	https://kozaki-lab.jp/REFV-KG/docs/Hokkaido/00110	Hokkaido_00110.trig	.\output\json\Hokkaido_00110.trig.json
仁木町議会　令和5年12月　第4回定例会.pdf	https://kozaki-lab.jp/REFV-KG/docs/Hokkaido/00111	Hokkaido_00111.trig	.\output\json\Hokkaido_00111.trig.json
仁木町議会　令和5年3月　第1回定例会（3日目）.pdf	https://kozaki-lab.jp/REFV-KG/docs/Hokkaido/00112	Hokkaido_00112.trig	.\output\json\Hokkaido_00112.trig.json
仁木町議会　令和5年9月　第3回定例会.pdf	https://kozaki-lab.jp/REFV-KG/docs/Hokkaido/00113	Hokkaido_00113.trig	.\output\json\Hokkaido_00113.trig.json
仁木町議会だより　令和5年8月発行.pdf	https://kozaki-lab.jp/REFV-KG/docs/Hokkaido/00114	Hokkaido_00114.trig	.\output\json\Hokkaido_00114.trig.json
令和2年12月　第4回定例会.pdf	https://kozaki-lab.jp/REFV-KG/docs/Hokkaido/00115	Hokkaido_00115.trig	.\output\json\Hokkaido_00115.trig.json
令和2年6月　第2回定例会.pdf	https://kozaki-lab.jp/REFV-KG/docs/Hokkaido/00116	Hokkaido_00116.trig	.\output\json\Hokkaido_00116.trig.json
令和2年9月　第3回定例会.pdf	https://kozaki-lab.jp/REFV-KG/docs/Hokkaido/00117	Hokkaido_00117.trig	.\output\json\Hokkaido_00117.trig.json
令和3年3月　第1回定例会.pdf	https://kozaki-lab.jp/REFV-KG/docs/Hokkaido/00118	Hokkaido_00118.trig	.\output\json\Hokkaido_00118.trig.json
令和3年6月　第2回定例会.pdf	https://kozaki-lab.jp/REFV-KG/docs/Hokkaido/00119	Hokkaido_00119.trig	.\output\json\Hokkaido_00119.trig.json
令和4年3月　第1回定例会.pdf	https://kozaki-lab.jp/REFV-KG/docs/Hokkaido/00120	Hokkaido_00120.trig	.\output\json\Hokkaido_00120.trig.json
令和4年6月　第2回定例会.pdf	https://kozaki-lab.jp/REFV-KG/docs/Hokkaido/00121	Hokkaido_00121.trig	.\output\json\Hokkaido_00121.trig.json
令和4年9月　第3回定例会.pdf	https://kozaki-lab.jp/REFV-KG/docs/Hokkaido/00122	Hokkaido_00122.trig	.\output\json\Hokkaido_00122.trig.json
令和5年3月　第1回定例会.pdf	https://kozaki-lab.jp/REFV-KG/docs/Hokkaido/00123	Hokkaido_00123.trig	.\output\json\Hokkaido_00123.trig.json
令和5年6月　第2回定例会.pdf	https://kozaki-lab.jp/REFV-KG/docs/Hokkaido/00124	Hokkaido_00124.trig	.\output\json\Hokkaido_00124.trig.json
令和5年9月　第3回定例会.pdf	https://kozaki-lab.jp/REFV-KG/docs/Hokkaido/00125	Hokkaido_00125.trig	.\output\json\Hokkaido_00125.trig.json
令和6年3月　第1回定例会.pdf	https://kozaki-lab.jp/REFV-KG/docs/Hokkaido/00126	Hokkaido_00126.trig	.\output\json\Hokkaido_00126.trig.json
令和6年6月　第2回定例会.pdf	https://kozaki-lab.jp/REFV-KG/docs/Hokkaido/00127	Hokkaido_00127.trig	.\output\json\Hokkaido_00127.trig.json
令和6年9月　第3回定例会.pdf	https://kozaki-lab.jp/REFV-KG/docs/Hokkaido/00128	Hokkaido_00128.trig	.\output\json\Hokkaido_00128.trig.json
令和元年12月　第4回定例会.pdf	https://kozaki-lab.jp/REFV-KG/docs/Hokkaido/00129	Hokkaido_00129.trig	.\output\json\Hokkaido_00129.trig.json
北海道環境影響評価条例に基づく公聴会の開催中止について（（仮称）北海道小樽余市風力発電所） - 環境生活部環境保全局環境政策課.pdf	https://kozaki-lab.jp/REFV-KG/docs/Hokkaido/00130	Hokkaido_00130.trig	.\output\json\Hokkaido_00130.trig.json
参考資料６．釧路地域における太陽光発電施設の開発について（令和7年10月　環境省自然環境局野生生物課）.pdf	https://kozaki-lab.jp/REFV-KG/docs/Hokkaido/00131	Hokkaido_00131.trig	.\output\json\Hokkaido_00131.trig.json
太陽光発電事業の更なる地域共生・規律強化に向けた関係省庁連絡会議の設置について.pdf	https://kozaki-lab.jp/REFV-KG/docs/Hokkaido/00132	Hokkaido_00132.trig	.\output\json\Hokkaido_00132.trig.json
太陽光発電事業の更なる地域共生・規律強化に向けた関係省庁連絡会議（第一回）【議事要旨】20250924.pdf	https://kozaki-lab.jp/REFV-KG/docs/Hokkaido/00133	Hokkaido_00133.trig	.\output\json\Hokkaido_00133.trig.json
平成29年6月　第2回定例会.pdf	https://kozaki-lab.jp/REFV-KG/docs/Hokkaido/00134	Hokkaido_00134.trig	.\output\json\Hokkaido_00134.trig.json
広報まつまえ2020年11月号_8.pdf	https://kozaki-lab.jp/REFV-KG/docs/Hokkaido/00135	Hokkaido_00135.trig	.\output\json\Hokkaido_00135.trig.json
広報まつまえ2021年11月号_10.pdf	https://kozaki-lab.jp/REFV-KG/docs/Hokkaido/00136	Hokkaido_00136.trig	.\output\json\Hokkaido_00136.trig.json
松前町スマート・シュリンクＳＸビジョン.pdf	https://kozaki-lab.jp/REFV-KG/docs/Hokkaido/00137	Hokkaido_00137.trig	.\output\json\Hokkaido_00137.trig.json
松前町スマート・シュリンクＳＸビジョンを策定しました。（松前町ウェブサイト）.pdf	https://kozaki-lab.jp/REFV-KG/docs/Hokkaido/00138	Hokkaido_00138.trig	.\output\json\Hokkaido_00138.trig.json
次世代が担う街づくり 若手活躍現場Report Vol.1 リエネ松前風力発電所 ｜ 東急不動産 ｜ 日本経済新聞 電子版特集.pdf	https://kozaki-lab.jp/REFV-KG/docs/Hokkaido/00139	Hokkaido_00139.trig	.\output\json\Hokkaido_00139.trig.json
釧路市ホームページ：20230701 釧路市自然と共生する太陽光発電施設の設置に関するガイドラインを策定しました.pdf	https://kozaki-lab.jp/REFV-KG/docs/Hokkaido/00140	Hokkaido_00140.trig	.\output\json\Hokkaido_00140.trig.json
釧路市ホームページ：20250601 釧路市は「ノーモア メガソーラー宣言」をしました.pdf	https://kozaki-lab.jp/REFV-KG/docs/Hokkaido/00141	Hokkaido_00141.trig	.\output\json\Hokkaido_00141.trig.json
釧路市ホームページ：20250723 釧路市自然と太陽光発電施設の調和に関する条例（案）についてのご意見を募集します。～意見募集は終了いたしました～.pdf	https://kozaki-lab.jp/REFV-KG/docs/Hokkaido/00142	Hokkaido_00142.trig	.\output\json\Hokkaido_00142.trig.json
釧路市ホームページ：20250910 釧路市自然と太陽光発電施設の調和に関する条例（案）についての意見募集結果について.pdf	https://kozaki-lab.jp/REFV-KG/docs/Hokkaido/00143	Hokkaido_00143.trig	.\output\json\Hokkaido_00143.trig.json
釧路市ホームページ：20251001 釧路市自然と太陽光発電施設の調和に関する条例.pdf	https://kozaki-lab.jp/REFV-KG/docs/Hokkaido/00144	Hokkaido_00144.trig	.\output\json\Hokkaido_00144.trig.json
釧路市議会議員　大越拓也のブログ：250430 釧路湿原と未来のために：大規模太陽光発電計画に対する要望書を提出.pdf	https://kozaki-lab.jp/REFV-KG/docs/Hokkaido/00145	Hokkaido_00145.trig	.\output\json\Hokkaido_00145.trig.json
釧路湿原自然再生協議会ホームページ：230418 釧路湿原周辺における再生可能エネルギー事業に関する提言.pdf	https://kozaki-lab.jp/REFV-KG/docs/Hokkaido/00146	Hokkaido_00146.trig	.\output\json\Hokkaido_00146.trig.json
鶴居村ホームページ：タンチョウの聖地「音羽橋」景観保全へのご寄付御礼と寄付受領証明書発送時期に関するお知らせ.pdf	https://kozaki-lab.jp/REFV-KG/docs/Hokkaido/00148	Hokkaido_00148.trig	.\output\json\Hokkaido_00148.trig.json
鶴居村ホームページ：鶴居村美しい景観等と太陽光発電事業との共生に関する条例の制定について.pdf	https://kozaki-lab.jp/REFV-KG/docs/Hokkaido/00149	Hokkaido_00149.trig	.\output\json\Hokkaido_00149.trig.json
（道環境影響評価対象案件）案件個票_法_松前北部風力発電事業.pdf	https://kozaki-lab.jp/REFV-KG/docs/Hokkaido/00150	Hokkaido_00150.trig	.\output\json\Hokkaido_00150.trig.json
（道環境影響評価対象案件）法62_（仮称）松前２期風力発電事業.pdf	https://kozaki-lab.jp/REFV-KG/docs/Hokkaido/00151	Hokkaido_00151.trig	.\output\json\Hokkaido_00151.trig.json
（道環境影響評価対象案件）法84_（仮称）古平・余市ウィンドファーム事業.pdf	https://kozaki-lab.jp/REFV-KG/docs/Hokkaido/00152	Hokkaido_00152.trig	.\output\json\Hokkaido_00152.trig.json
