ファイル名	保存されていたフォルダ名
酒田市  令和　１年　１２月　定例会（第７回）  12月18日－03号.pdf	酒田市議会会議録
酒田市  令和　２年　　９月　定例会（第５回）  09月17日－05号.pdf	酒田市議会会議録
酒田市  令和　３年　　３月　定例会（第２回）  03月02日－03号.pdf	酒田市議会会議録
酒田市  令和　３年　　３月　定例会（第２回）  03月15日－05号.pdf	酒田市議会会議録
酒田市  令和　３年　　３月　定例会（第２回）  03月17日－06号.pdf	酒田市議会会議録
酒田市  令和　３年　　３月　定例会（第２回）  03月19日－07号.pdf	酒田市議会会議録
酒田市  令和　３年　　６月　定例会（第４回）  06月23日－05号.pdf	酒田市議会会議録
酒田市  令和　３年　　６月　定例会（第４回）  06月24日－06号.pdf	酒田市議会会議録
酒田市  令和　３年　　９月　定例会（第６回）  09月15日－04号.pdf	酒田市議会会議録
酒田市  令和　３年　　９月　定例会（第６回）  09月16日－05号.pdf	酒田市議会会議録
酒田市  令和　３年　１２月　定例会（第８回）  12月21日－04号.pdf	酒田市議会会議録
酒田市  令和　３年　１２月　定例会（第８回）  12月22日－05号.pdf	酒田市議会会議録
酒田市  令和　４年　　３月　定例会（第１回）  02月28日－02号.pdf	酒田市議会会議録
酒田市  令和　４年　　３月　定例会（第１回）  03月02日－03号.pdf	酒田市議会会議録
酒田市  令和　４年　　３月　定例会（第１回）  03月15日－07号.pdf	酒田市議会会議録
酒田市  令和　４年　　３月　定例会（第１回）  03月17日－08号.pdf	酒田市議会会議録
酒田市  令和　４年　　９月　定例会（第６回）  09月12日－01号.pdf	酒田市議会会議録
酒田市  令和　４年　１２月　定例会（第７回）  12月14日－05号.pdf	酒田市議会会議録
酒田市  令和　５年　　３月　定例会（第２回）  02月27日－02号.pdf	酒田市議会会議録
酒田市  令和　５年　　３月　定例会（第２回）  03月01日－03号.pdf	酒田市議会会議録
酒田市  令和　５年　　９月　定例会（第７回）  09月29日－01号.pdf	酒田市議会会議録
酒田市  令和　５年　　９月　定例会（第７回）  10月03日－02号.pdf	酒田市議会会議録
酒田市  令和　５年　　９月　定例会（第７回）  10月23日－06号.pdf	酒田市議会会議録
酒田市  令和　５年　１２月　定例会（第９回）  12月18日－04号.pdf	酒田市議会会議録
酒田市  令和　５年　１２月　定例会（第９回）  12月19日－05号.pdf	酒田市議会会議録
酒田市  令和　６年　　３月　定例会（第２回）  02月27日－02号.pdf	酒田市議会会議録
酒田市  令和　６年　　３月　定例会（第２回）  02月29日－03号.pdf	酒田市議会会議録
酒田市  令和　６年　　６月　定例議会（第２回）  06月17日－05号.pdf	酒田市議会会議録
酒田市  令和　６年　　６月　定例議会（第２回）  06月18日－06号.pdf	酒田市議会会議録
酒田市  令和　６年　　９月　定例議会（第６回）  09月25日－01号.pdf	酒田市議会会議録
酒田市  令和　６年　　９月　定例議会（第６回）  09月30日－02号.pdf	酒田市議会会議録
酒田市  令和　６年　　９月　定例議会（第６回）  10月18日－06号.pdf	酒田市議会会議録
平成１７年　１２月　定例会（第２回）  12月09日－02号.pdf	酒田市議会会議録
平成１８年９月定例会（第４回）09月06日－02号.pdf	酒田市議会会議録
平成１８年９月定例会（第４回）09月21日－06号.pdf	酒田市議会会議録
平成２１年１２月定例会（第８回）12月17日－05号.pdf	酒田市議会会議録
平成２１年１２月定例会（第８回）12月18日－06号.pdf	酒田市議会会議録
平成２２年６月定例会（第３回）06月24日－06号.pdf	酒田市議会会議録
平成２２年９月定例会（第４回）09月17日－06号.pdf	酒田市議会会議録
平成２３年３月定例会（第２回）03月03日－03号.pdf	酒田市議会会議録
平成２３年６月定例会（第４回）06月13日－02号.pdf	酒田市議会会議録
平成２３年６月定例会（第４回）06月22日－06号.pdf	酒田市議会会議録
平成２４年１２月定例会（第７回）11月30日－01号.pdf	酒田市議会会議録
平成２４年１２月定例会（第７回）12月13日－06号.pdf	酒田市議会会議録
平成２４年３月定例会（第１回）03月01日－03号.pdf	酒田市議会会議録
平成２４年３月定例会（第１回）03月13日－05号.pdf	酒田市議会会議録
平成２４年３月定例会（第１回）03月15日－07号.pdf	酒田市議会会議録
平成２４年９月定例会（第４回）08月28日－01号.pdf	酒田市議会会議録
平成２４年９月定例会（第４回）08月30日－02号.pdf	酒田市議会会議録
平成２５年３月定例会（第１回）02月26日－02号.pdf	酒田市議会会議録
平成２５年３月定例会（第１回）02月28日－03号.pdf	酒田市議会会議録
平成２５年３月定例会（第１回）03月11日－04号.pdf	酒田市議会会議録
平成２５年３月定例会（第１回）03月12日－05号.pdf	酒田市議会会議録
平成２５年３月定例会（第１回）03月14日－07号.pdf	酒田市議会会議録
平成２５年６月定例会（第２回）06月18日－05号.pdf	酒田市議会会議録
平成２５年９月定例会（第５回）09月17日－04号.pdf	酒田市議会会議録
平成２６年３月定例会（第１回）02月26日－02号.pdf	酒田市議会会議録
平成２６年３月定例会（第１回）02月28日－03号.pdf	酒田市議会会議録
平成２６年３月定例会（第１回）03月11日－04号.pdf	酒田市議会会議録
平成２６年６月定例会（第３回）06月19日－06号.pdf	酒田市議会会議録
平成２７年３月定例会（第１回）02月20日－01号.pdf	酒田市議会会議録
平成２７年３月定例会（第１回）02月24日－02号.pdf	酒田市議会会議録
平成２７年９月定例会（第６回）09月30日－01号.pdf	酒田市議会会議録
平成２７年９月定例会（第６回）10月23日－06号.pdf	酒田市議会会議録
平成２８年３月定例会（第１回）02月25日－01号.pdf	酒田市議会会議録
平成２８年３月定例会（第１回）02月29日－02号.pdf	酒田市議会会議録
平成２９年３月定例会（第１回）03月02日－02号.pdf	酒田市議会会議録
平成２９年９月定例会（第３回）09月20日－04号.pdf	酒田市議会会議録
平成３０年　１２月　定例会（第５回）  12月07日－01号.pdf	酒田市議会会議録
平成３０年　１２月　定例会（第５回）  12月11日－02号.pdf	酒田市議会会議録
平成３０年　１２月　定例会（第５回）  12月17日－03号.pdf	酒田市議会会議録
平成３０年１２月定例会（第５回）12月19日－05号.pdf	酒田市議会会議録
平成３０年３月定例会（第１回）03月01日－02号.pdf	酒田市議会会議録
平成３０年３月定例会（第１回）03月05日－03号.pdf	酒田市議会会議録
平成３０年３月定例会（第１回）03月20日－07号.pdf	酒田市議会会議録
平成３０年６月定例会（第３回）06月05日－01号.pdf	酒田市議会会議録
平成３０年６月定例会（第３回）06月07日－02号.pdf	酒田市議会会議録
平成３０年６月定例会（第３回）06月13日－03号.pdf	酒田市議会会議録
平成３０年９月定例会（第４回）08月30日－01号.pdf	酒田市議会会議録
平成３１年３月定例会（第１回）02月28日－02号.pdf	酒田市議会会議録
平成３１年３月定例会（第１回）03月04日－03号.pdf	酒田市議会会議録
令和　１年　１２月　定例会（第７回）  12月18日－03号.pdf	酒田市議会会議録
令和　２年　　３月　定例会（第１回）  03月17日－06号.pdf	酒田市議会会議録
令和　３年　　３月　定例会（第２回）  03月19日－07号.pdf	酒田市議会会議録
令和　４年　　３月　定例会（第１回）  02月28日－02号.pdf	酒田市議会会議録
令和　６年　　３月　定例会（第２回）  02月27日－02号.pdf	酒田市議会会議録
令和１年１２月定例会（第７回）12月18日－03号.pdf	酒田市議会会議録
令和１年１２月定例会（第７回）12月20日－05号.pdf	酒田市議会会議録
令和１年９月定例会（第５回）09月30日－01号.pdf	酒田市議会会議録
令和２年３月定例会（第１回）02月28日－02号.pdf	酒田市議会会議録
令和２年３月定例会（第１回）03月13日－05号.pdf	酒田市議会会議録
令和２年６月定例会（第３回）06月05日－01号.pdf	酒田市議会会議録
令和２年９月定例会（第５回）09月17日－05号.pdf	酒田市議会会議録
令和３年１２月定例会（第８回）12月21日－04号.pdf	酒田市議会会議録
令和３年３月定例会（第２回）02月26日－02号.pdf	酒田市議会会議録
令和３年３月定例会（第２回）03月02日－03号.pdf	酒田市議会会議録
令和３年３月定例会（第２回）03月11日－04号.pdf	酒田市議会会議録
令和３年３月定例会（第２回）03月15日－05号.pdf	酒田市議会会議録
令和３年３月定例会（第２回）03月17日－06号.pdf	酒田市議会会議録
令和３年３月定例会（第２回）03月19日－07号.pdf	酒田市議会会議録
令和３年６月定例会（第４回）06月22日－04号.pdf	酒田市議会会議録
令和３年６月定例会（第４回）06月23日－05号.pdf	酒田市議会会議録
令和３年６月定例会（第４回）06月24日－06号.pdf	酒田市議会会議録
令和３年９月定例会（第６回）08月27日－01号.pdf	酒田市議会会議録
令和３年９月定例会（第６回）09月15日－04号.pdf	酒田市議会会議録
令和３年９月定例会（第６回）09月16日－05号.pdf	酒田市議会会議録
令和４年３月定例会（第１回）02月28日－02号.pdf	酒田市議会会議録
令和４年３月定例会（第１回）03月02日－03号.pdf	酒田市議会会議録
令和４年３月定例会（第１回）03月15日－07号.pdf	酒田市議会会議録
令和４年３月定例会（第１回）03月17日－08号.pdf	酒田市議会会議録
令和４年９月定例会（第６回）09月12日－01号.pdf	酒田市議会会議録
令和４年９月定例会（第６回）09月14日－02号.pdf	酒田市議会会議録
令和４年９月定例会（第６回）09月28日－03号.pdf	酒田市議会会議録
令和５年１２月定例会（第９回）12月18日－04号.pdf	酒田市議会会議録
令和５年１２月定例会（第９回）12月19日－05号.pdf	酒田市議会会議録
令和５年３月定例会（第２回）02月27日－02号.pdf	酒田市議会会議録
令和５年３月定例会（第２回）03月01日－03号.pdf	酒田市議会会議録
令和５年９月定例会（第７回）09月29日－01号.pdf	酒田市議会会議録
令和５年９月定例会（第７回）10月03日－02号.pdf	酒田市議会会議録
令和５年９月定例会（第７回）10月23日－06号.pdf	酒田市議会会議録
令和６年３月定例会（第２回）02月27日－02号.pdf	酒田市議会会議録
令和６年３月定例会（第２回）02月29日－03号.pdf	酒田市議会会議録
令和６年３月定例会（第２回）03月12日－05号.pdf	酒田市議会会議録
dai20kai_gijiroku.pdf	第20回山形県環境影響評価審査会
dai20kai_kenei_sakatasi_jigyougaiyou.pdf	第20回山形県環境影響評価審査会
dai20kai_sidai_meibo.pdf	第20回山形県環境影響評価審査会
31th_gijiroku.pdf	第31回山形県環境影響評価審査会
31th_sidai.pdf	第31回山形県環境影響評価審査会
31th_siryou1-1.pdf	第31回山形県環境影響評価審査会
31th_siryou1-2.pdf	第31回山形県環境影響評価審査会
31th_siryou2-1.pdf	第31回山形県環境影響評価審査会
31th_siryou2-2.pdf	第31回山形県環境影響評価審査会
36th_gijiroku.pdf	第36回山形県環境影響評価審査会
36th_sidai.pdf	第36回山形県環境影響評価審査会
36th_siryou1.pdf	第36回山形県環境影響評価審査会
36th_siryou2.pdf	第36回山形県環境影響評価審査会
36th_siryou3.pdf	第36回山形県環境影響評価審査会
37_shidai_1.pdf	第37回山形県環境影響評価審査会
37gijiroku_1.pdf	第37回山形県環境影響評価審査会
kuriko_gaiyou_1.pdf	第37回山形県環境影響評価審査会
kuriko_nagare_1.pdf	第37回山形県環境影響評価審査会
miyagi_gaiyou_1.pdf	第37回山形県環境影響評価審査会
miyagi_nagare_1.pdf	第37回山形県環境影響評価審査会
40gijiroku_1.pdf	第40回山形県環境影響評価審査会
40sidasyussekisya_1.pdf	第40回山形県環境影響評価審査会
40siryou1gaiyou_1.pdf	第40回山形県環境影響評価審査会
40siryou2huro_1.pdf	第40回山形県環境影響評価審査会
220616_49kai_gijiroku.pdf	第49回山形県環境影響評価審査会
220616_49kai_shidai_meibo.pdf	第49回山形県環境影響評価審査会
220616_jresakata_furo.pdf	第49回山形県環境影響評価審査会
220616_jresakata_gaiyo.pdf	第49回山形県環境影響評価審査会
鶴岡市  平成　２６年　１２月　定例会  12月08日－04号.txt	鶴岡市議会会議録
鶴岡市  平成　２８年　１２月　定例会  12月05日－04号.txt	鶴岡市議会会議録
鶴岡市  平成　３１年　　３月　定例会  03月04日－03号.txt	鶴岡市議会会議録
鶴岡市  令和　　２年　　９月　定例会  09月03日－02号.txt	鶴岡市議会会議録
鶴岡市  令和　　２年　　９月　定例会  09月04日－03号.txt	鶴岡市議会会議録
鶴岡市  令和　　２年　　９月　定例会  09月07日－04号.txt	鶴岡市議会会議録
鶴岡市  令和　　２年　１２月　定例会  12月03日－02号.txt	鶴岡市議会会議録
鶴岡市  令和　　３年　　９月　定例会  09月02日－02号.txt	鶴岡市議会会議録
鶴岡市  令和　　４年　　３月　定例会  03月03日－02号.txt	鶴岡市議会会議録
鶴岡市  令和　　４年　　９月　定例会  09月12日－04号.txt	鶴岡市議会会議録
鶴岡市  令和　　４年　１２月　定例会  12月02日－03号.txt	鶴岡市議会会議録
鶴岡市  令和　　５年　　３月　定例会  03月02日－02号.txt	鶴岡市議会会議録
鶴岡市  令和　　５年　　３月　定例会  03月03日－03号.txt	鶴岡市議会会議録
鶴岡市  令和　　５年　　６月　定例会  06月16日－03号.txt	鶴岡市議会会議録
鶴岡市  令和　　５年　　６月　定例会  06月30日－06号.txt	鶴岡市議会会議録
鶴岡市  令和　　５年　　９月　定例会  09月11日－04号.txt	鶴岡市議会会議録
鶴岡市  令和　　６年　　６月　定例会  06月07日－03号.txt	鶴岡市議会会議録
鶴岡市  令和　　６年　　９月　定例会  09月06日－03号.txt	鶴岡市議会会議録
鶴岡市  令和　　元年　　６月　定例会  06月10日－04号.txt	鶴岡市議会会議録
keneifuryokuhouhouiken.pdf	平成25年11月7日知事意見
sakatashifuryokuhouhouiken.pdf	平成25年11月7日知事意見
ken_chijiiken.pdf	平成29年7月31日知事意見
sakata_chijiiken.pdf	平成29年7月31日知事意見
900512753.pdf	平成31年1月18日環境大臣意見
daijin-iken.pdf	平成31年1月29日経産大臣意見
jre_h_chijiiken.pdf	平成31年1月31日知事意見
令和6年9月定例会議事日程第3号.pdf	米沢市議会会議録
令和6年9月定例会議事日程第4号.pdf	米沢市議会会議録
令和6年9月定例会議事日程第6号.pdf	米沢市議会会議録
第４８６回遊佐町議会定例会（平成２５年２月１５日開会）議事日程第２号（１）.pdf	遊佐町議会会議録
第４９２回遊佐町議会定例会（平成２５年９月１０日開会）議事日程第１号.pdf	遊佐町議会会議録
第４９３回遊佐町議会定例会（平成２５年１２月３日開会）議事日程第１号.pdf	遊佐町議会会議録
第４９７回遊佐町議会定例会（平成２６年６月１７日開会）議事日程第2号.pdf	遊佐町議会会議録
第５２９回遊佐町議会定例会（平成３１年３月５日開会）議事日程第３号.pdf	遊佐町議会会議録
第５２９回遊佐町議会定例会（平成３１年３月５日開会）議事日程第４号.pdf	遊佐町議会会議録
第５３４回遊佐町議会定例会（令和２年３月３日開会）議事日程第４号.pdf	遊佐町議会会議録
第５３４回遊佐町議会定例会（令和２年３月３日開会）議事日程第５号.pdf	遊佐町議会会議録
第５３７回遊佐町議会定例会（令和２年６月９日開会）議事日程第１号.pdf	遊佐町議会会議録
第５３９回遊佐町議会定例会（令和２年９月８日開会）議事日程第１号.pdf	遊佐町議会会議録
第５３９回遊佐町議会定例会（令和２年９月８日開会）議事日程第５号（１）.pdf	遊佐町議会会議録
第５４２回遊佐町議会定例会（令和２年１２月８日開会）議事日程第１号.pdf	遊佐町議会会議録
第５４２回遊佐町議会定例会（令和２年１２月８日開会）議事日程第２号.pdf	遊佐町議会会議録
第５４２回遊佐町議会定例会（令和２年１２月８日開会）議事日程第３号（２）.pdf	遊佐町議会会議録
第５４４回遊佐町議会定例会（令和３年２月１５日開会）議事日程第４号.pdf	遊佐町議会会議録
第５４７回遊佐町議会定例会（令和３年６月８日開会）議事日程第１号.pdf	遊佐町議会会議録
第５４７回遊佐町議会定例会（令和３年６月８日開会）議事日程第２号.pdf	遊佐町議会会議録
第５４9回遊佐町議会定例会（令和３年9月7日開会）議事日程第１号.pdf	遊佐町議会会議録
第５４9回遊佐町議会定例会（令和３年9月7日開会）議事日程第２号.pdf	遊佐町議会会議録
第５5２回遊佐町議会定例会（令和３年１２月７日開会）議事日程第１号.pdf	遊佐町議会会議録
第５5２回遊佐町議会定例会（令和３年１２月７日開会）議事日程第２号.pdf	遊佐町議会会議録
第５５４回遊佐町議会定例会（令和４年３月３日開会）議事日程第３号.pdf	遊佐町議会会議録
第５５４回遊佐町議会定例会（令和４年３月３日開会）議事日程第４号.pdf	遊佐町議会会議録
第５５７回遊佐町議会定例会（令和４年６月７日開会）議事日程第１号.pdf	遊佐町議会会議録
第５５７回遊佐町議会定例会（令和４年６月７日開会）議事日程第２号.pdf	遊佐町議会会議録
第５６０回遊佐町議会定例会（令和４年９月６日開会）議事日程第２号（１）.pdf	遊佐町議会会議録
第５６０回遊佐町議会定例会（令和４年９月６日開会）議事日程第４号.pdf	遊佐町議会会議録
第５６４回遊佐町議会定例会（令和５年３月６日開会）議事日程第３号.pdf	遊佐町議会会議録
第５６４回遊佐町議会定例会（令和５年３月６日開会）議事日程第４号.pdf	遊佐町議会会議録
第５６４回遊佐町議会定例会（令和５年３月６日開会）議事日程第６号（１）.pdf	遊佐町議会会議録
第５６６回遊佐町議会定例会（令和５年５月２９日開会）議事日程第２号.pdf	遊佐町議会会議録
第５６６回遊佐町議会定例会（令和５年５月２９日開会）議事日程第３号（２）.pdf	遊佐町議会会議録
第５６８回遊佐町議会定例会（令和５年９月５日開会）議事日程第１号.pdf	遊佐町議会会議録
第５６８回遊佐町議会定例会（令和５年９月５日開会）議事日程第２号.pdf	遊佐町議会会議録
第５６８回遊佐町議会定例会（令和５年９月５日開会）議事日程第３号（１）.pdf	遊佐町議会会議録
第５６８回遊佐町議会定例会（令和５年９月５日開会）議事日程第5号（1）.pdf	遊佐町議会会議録
第５６９回遊佐町議会定例会（令和５年１２月５日開会）議事日程第１号.pdf	遊佐町議会会議録
第５６９回遊佐町議会定例会（令和５年１２月５日開会）議事日程第２号.pdf	遊佐町議会会議録
jre-tijiiken.pdf	令和2年3月4日知事意見
hohosyo_daijinkankoku.pdf	令和2年4月24日経産大臣勧告
junbisyo_daijinkankoku.pdf	令和4年10月20日経産大臣勧告
jre_j_chijiiken.pdf	令和4年7月6日知事意見
000064724.pdf	令和4年8月18日環境大臣意見
